run_id,cell_id,indicator,n_samples,slope,slope_ci_lo,slope_ci_hi,mk_z,mk_p_value,lag1_rho,q_value,bh_reject,significant
wosar2026_a1_r01,a1,client.drop_rate,2101,0.0,0.0,0.0,0.0,1.0,0.0,1.0,False,False
wosar2026_a1_r01,a1,client.e2e_p50,2077,0.00345179,-0.000229988,0.00718938,2.05487,0.0398918,0.0381819,0.12590849375,False,False
wosar2026_a1_r01,a1,client.e2e_p95,2077,0.00260571,-0.0158956,0.0210965,0.352871,0.724185,0.0247946,0.9752358,False,False
wosar2026_a1_r01,a1,client.e2e_p99,2077,-0.00390346,-0.0334871,0.0255054,-0.35291,0.724156,0.0360174,0.9752358,False,False
wosar2026_a1_r01,a1,client.tokens_per_sec,2077,0.145635,-0.0409226,0.329167,2.25544,0.0241057,0.00730148,0.0820677202247191,True,False
wosar2026_a1_r01,a1,client.ttft_p50,2077,-2.21235e-05,-8.05944e-05,3.6753e-05,-0.802087,0.422502,0.0,0.6805733633952256,False,False
wosar2026_a1_r01,a1,client.ttft_p99,2077,0.000200774,-0.000172492,0.000575514,1.06519,0.286792,0.0322456,0.5066937376093295,False,False
wosar2026_a1_r01,a1,gpu.ecc_db_volatile,2101,0.0,0.0,0.0,0.0,1.0,0.0,1.0,False,False
wosar2026_a1_r01,a1,gpu.ecc_sb_volatile,2101,0.0,0.0,0.0,0.0,1.0,0.0,1.0,False,False
wosar2026_a1_r01,a1,gpu.gpu_util_percent,2101,0.0,0.0,0.0,-1.6927,0.0905119,0.959985,0.21096235153846157,False,False
wosar2026_a1_r01,a1,gpu.mem_clock_mhz,2101,0.0,0.0,0.0,-1.73512,0.0827198,0.969184,0.20176275059760956,False,False
wosar2026_a1_r01,a1,gpu.mem_util_percent,2101,0.0,0.0,0.0,-1.73436,0.082855,0.959994,0.20176275059760956,False,False
wosar2026_a1_r01,a1,gpu.power_draw_w,2101,0.00548166,-0.0896411,0.0979076,0.712423,0.476203,0.947063,0.7380537544757034,False,False
wosar2026_a1_r01,a1,gpu.sm_clock_mhz,2101,0.0,0.0,0.0,-1.70862,0.0875209,0.95998,0.20799084470588236,False,False
wosar2026_a1_r01,a1,gpu.temperature_c,2101,0.0,0.0,0.0,1.33493,0.181899,0.952443,0.3510534840764331,False,False
wosar2026_a1_r01,a1,gpu.vram_used_bytes,2101,0.0,0.0,0.0,1.85338,0.0638275,0.960275,0.17559013783783783,False,False
wosar2026_a1_r01,a1,proc.cpu_percent,2077,0.0,0.0,0.0,0.52135,0.602123,0.108495,0.8626159290780141,False,False
wosar2026_a1_r01,a1,proc.involuntary_ctx_switches_rate,2077,4.66912e-08,5.29545e-09,1.55846e-07,4.20587,2.60082e-05,0.798887,0.00022198548169014083,True,True
wosar2026_a1_r01,a1,proc.io_read_bytes_rate,2077,0.0,0.0,0.0,0.0,1.0,0.0,1.0,False,False
wosar2026_a1_r01,a1,proc.io_read_count_rate,2077,-8.03101e-06,-0.00367832,8.67658e-06,-0.806665,0.41986,0.0,0.678839584,False,False
wosar2026_a1_r01,a1,proc.io_write_bytes_rate,2077,0.0,0.0,0.0,0.0,1.0,0.0,1.0,False,False
wosar2026_a1_r01,a1,proc.io_write_count_rate,2077,0.0536858,-0.10787,0.214061,0.678884,0.497212,0.0384489,0.7603101914357683,False,False
wosar2026_a1_r01,a1,proc.num_fds,2077,0.0,0.0,0.0,1.71208,0.0868813,0.0511977,0.20728373149606297,False,False
wosar2026_a1_r01,a1,proc.num_threads,2077,0.0,0.0,0.0,0.0,1.0,0.0,1.0,False,False
wosar2026_a1_r01,a1,proc.pss_bytes,2077,12874.2,9511.86,15964.4,6.28926,3.18981e-10,0.99,1.2081405374999999e-08,True,True
wosar2026_a1_r01,a1,proc.rss_bytes,2077,12874.2,9511.86,15964.4,6.28926,3.18981e-10,0.99,1.2081405374999999e-08,True,True
wosar2026_a1_r01,a1,proc.uss_bytes,2077,12874.2,9511.86,15964.4,6.28926,3.18981e-10,0.99,1.2081405374999999e-08,True,True
wosar2026_a1_r01,a1,proc.vms_bytes,2077,0.0,0.0,53453.3,1.87662,0.06057,0.99,0.16836423287671232,False,False
wosar2026_a1_r01,a1,proc.voluntary_ctx_switches_rate,2077,-1.07943e-05,-0.00440409,1.5086e-05,-0.896633,0.369915,0.015543,0.6244247632311978,False,False
wosar2026_a1_r01,a1,system.cpu_percent_total,2101,0.0,-0.00337838,0.00490998,0.752127,0.451975,0.840339,0.713273046875,False,False
wosar2026_a1_r01,a1,system.fd_allocated,2101,-0.530547,-1.34615,0.282404,-2.17628,0.029534,0.938566,0.09833848351648353,True,False
wosar2026_a1_r01,a1,system.load_avg_1m,2101,-0.000244141,-0.00700345,0.0064017,-0.213782,0.830717,0.918108,1.0,False,False
wosar2026_a1_r01,a1,system.mem_used_bytes,2101,3183960.0,2592930.0,3747840.0,9.37517,0.0,0.964759,0.0,True,True
wosar2026_a1_r01,a1,system.swap_used_bytes,2101,383080.0,-7021.71,642317.0,1.49566,0.134743,0.99,0.2758589797297297,False,False
wosar2026_a1_r02,a1,client.drop_rate,2101,0.0,0.0,0.0,0.0,1.0,0.0,1.0,False,False
wosar2026_a1_r02,a1,client.e2e_p50,2031,0.0011175,-0.00273602,0.00497073,0.846928,0.397035,0.0344286,0.6591868767123288,False,False
wosar2026_a1_r02,a1,client.e2e_p95,2031,0.00174656,-0.0175388,0.0210895,0.193774,0.846353,0.0153416,1.0,False,False
wosar2026_a1_r02,a1,client.e2e_p99,2031,-0.0045904,-0.0357621,0.0266158,-0.335343,0.737366,0.0289948,0.9864101456953642,False,False
wosar2026_a1_r02,a1,client.tokens_per_sec,2031,0.122995,-0.0715789,0.318491,1.20681,0.227506,0.00608729,0.4190536048632219,False,False
wosar2026_a1_r02,a1,client.ttft_p50,2031,2.49576e-05,-3.42229e-05,8.39708e-05,1.05312,0.292286,0.0,0.5134067130434783,False,False
wosar2026_a1_r02,a1,client.ttft_p99,2031,0.000153212,-0.000211899,0.000519792,0.963846,0.335123,0.0,0.5720691211267606,False,False
wosar2026_a1_r02,a1,gpu.ecc_db_volatile,2101,0.0,0.0,0.0,0.0,1.0,0.0,1.0,False,False
wosar2026_a1_r02,a1,gpu.ecc_sb_volatile,2101,0.0,0.0,0.0,0.0,1.0,0.0,1.0,False,False
wosar2026_a1_r02,a1,gpu.gpu_util_percent,2101,0.0,0.0,0.0,-1.6241,0.104354,0.985693,0.23335248708487083,False,False
wosar2026_a1_r02,a1,gpu.mem_clock_mhz,2101,0.0,0.0,0.0,-1.734,0.0829173,0.985698,0.20176275059760956,False,False
wosar2026_a1_r02,a1,gpu.mem_util_percent,2101,0.0,0.0,0.0,-1.734,0.0829173,0.985698,0.20176275059760956,False,False
wosar2026_a1_r02,a1,gpu.power_draw_w,2101,-0.0291598,-0.215149,0.136356,-0.967553,0.333268,0.980165,0.5705096271186441,False,False
wosar2026_a1_r02,a1,gpu.sm_clock_mhz,2101,0.0,0.0,0.0,-1.73561,0.0826332,0.985694,0.20176275059760956,False,False
wosar2026_a1_r02,a1,gpu.temperature_c,2101,0.0,0.0,0.0,-1.22198,0.221717,0.983709,0.40963567682926827,False,False
wosar2026_a1_r02,a1,gpu.vram_used_bytes,2101,0.0,-94218900.0,0.0,-2.04303,0.0410492,0.986064,0.12822585154639177,False,False
wosar2026_a1_r02,a1,proc.cpu_percent,2032,0.00645856,0.0,0.010084,2.87582,0.00402977,0.182985,0.0192286662992126,True,False
wosar2026_a1_r02,a1,proc.involuntary_ctx_switches_rate,2032,3.50677e-08,3.81452e-09,9.2274e-08,3.40455,0.000662737,0.710509,0.0038249392571428576,True,True
wosar2026_a1_r02,a1,proc.io_read_bytes_rate,2032,0.0,0.0,0.0,0.0,1.0,0.0,1.0,False,False
wosar2026_a1_r02,a1,proc.io_read_count_rate,2032,-6.92282e-05,-0.00642598,-2.47376e-06,-2.17797,0.0294085,0.023296,0.09833848351648353,True,True
wosar2026_a1_r02,a1,proc.io_write_bytes_rate,2032,0.0,0.0,0.0,0.0,1.0,0.0,1.0,False,False
wosar2026_a1_r02,a1,proc.io_write_count_rate,2032,0.1165,-0.0583877,0.291045,1.13955,0.254476,0.0590438,0.4587078338278932,False,False
wosar2026_a1_r02,a1,proc.num_fds,2032,0.0,0.0,0.0,0.418336,0.675702,0.0900042,0.9222419189189189,False,False
wosar2026_a1_r02,a1,proc.num_threads,2032,0.0,0.0,0.0,-1.73035,0.0835684,0.0,0.20176275059760956,False,False
wosar2026_a1_r02,a1,proc.pss_bytes,2032,13165.7,12897.8,13450.3,3.61925,0.00029546,0.0171259,0.0019252554838709677,True,True
wosar2026_a1_r02,a1,proc.rss_bytes,2032,13156.3,0.0,17956.3,3.60992,0.000306292,0.99,0.0019746058723404255,True,False
wosar2026_a1_r02,a1,proc.uss_bytes,2032,13165.7,12901.5,13444.2,3.61925,0.00029546,0.00501669,0.0019252554838709677,True,True
wosar2026_a1_r02,a1,proc.vms_bytes,2032,0.0,0.0,0.0,1.80799,0.0706073,0.99,0.19016899466666665,False,False
wosar2026_a1_r02,a1,proc.voluntary_ctx_switches_rate,2032,-0.00435805,-0.00861869,-9.72785e-06,-2.1375,0.0325573,0.0205102,0.10781269836065573,False,False
wosar2026_a1_r02,a1,system.cpu_percent_total,2101,-0.00242424,-0.00853728,0.0,-1.61576,0.106146,0.829619,0.23455713043478263,False,False
wosar2026_a1_r02,a1,system.fd_allocated,2101,-1.59019,-3.1711,-0.266798,-6.56003,5.37974e-11,0.973215,2.5077864923076924e-09,True,True
wosar2026_a1_r02,a1,system.load_avg_1m,2101,-0.00454672,-0.0120204,0.00247797,-2.39045,0.0168276,0.917047,0.06064912544378698,True,False
wosar2026_a1_r02,a1,system.mem_used_bytes,2101,1455230.0,274418.0,2405270.0,7.89339,2.88658e-15,0.987395,2.18658435e-13,True,True
wosar2026_a1_r02,a1,system.swap_used_bytes,2101,320799.0,0.0,554822.0,1.94616,0.0516352,0.99,0.1511639188405797,False,False
wosar2026_a1_r03,a1,client.drop_rate,2101,0.0,0.0,0.0,0.0,1.0,0.0,1.0,False,False
wosar2026_a1_r03,a1,client.e2e_p50,2101,-0.00389322,-0.00738142,-0.000397664,-2.48729,0.0128721,0.0166572,0.05000315769230769,True,True
wosar2026_a1_r03,a1,client.e2e_p95,2101,0.00232781,-0.0157254,0.0203115,0.309091,0.757252,0.0106972,1.0,False,False
wosar2026_a1_r03,a1,client.e2e_p99,2101,0.00594536,-0.0232435,0.0354123,0.462386,0.643805,0.0101448,0.8948298853211009,False,False
wosar2026_a1_r03,a1,client.tokens_per_sec,2101,-0.192664,-0.375973,-0.00817236,-2.00006,0.0454942,0.0334997,0.137847426,False,False
wosar2026_a1_r03,a1,client.ttft_p50,2101,-1.71006e-05,-7.42024e-05,3.99262e-05,-0.529907,0.596176,0.00908763,0.8581535771971497,False,False
wosar2026_a1_r03,a1,client.ttft_p99,2101,0.000105279,-0.000250795,0.000460281,1.70326,0.0885189,0.0024273,0.20872549961089495,False,False
wosar2026_a1_r03,a1,gpu.ecc_db_volatile,2101,0.0,0.0,0.0,0.0,1.0,0.0,1.0,False,False
wosar2026_a1_r03,a1,gpu.ecc_sb_volatile,2101,0.0,0.0,0.0,0.0,1.0,0.0,1.0,False,False
wosar2026_a1_r03,a1,gpu.gpu_util_percent,2101,0.0,0.0,0.0,1.10218,0.270386,0.0,0.4819232823529412,False,False
wosar2026_a1_r03,a1,gpu.mem_clock_mhz,2101,0.0,0.0,0.0,0.0,1.0,0.0,1.0,False,False
wosar2026_a1_r03,a1,gpu.mem_util_percent,2101,0.0,0.0,0.0,0.0,1.0,0.0,1.0,False,False
wosar2026_a1_r03,a1,gpu.power_draw_w,2101,-0.0243376,-0.039439,-0.00918483,-4.51012,6.47921e-06,0.0535797,6.599107699999999e-05,True,True
wosar2026_a1_r03,a1,gpu.sm_clock_mhz,2101,0.0,0.0,0.0,0.0374204,0.97015,0.0,1.0,False,False
wosar2026_a1_r03,a1,gpu.temperature_c,2101,0.0,0.0,0.0,-1.63546,0.101953,0.524082,0.23021016356877325,False,False
wosar2026_a1_r03,a1,gpu.vram_used_bytes,2101,0.0,0.0,0.0,1.68258,0.0924567,0.980224,0.21385022977099236,False,False
wosar2026_a1_r03,a1,proc.cpu_percent,2101,0.0,-0.00365631,0.0,-1.87462,0.0608445,0.0592725,0.16836423287671232,False,False
wosar2026_a1_r03,a1,proc.involuntary_ctx_switches_rate,2101,-0.0165446,-0.0183862,-0.014697,-6.25096,4.07949e-10,0.51418,1.4542182e-08,True,True
wosar2026_a1_r03,a1,proc.io_read_bytes_rate,2101,0.0,0.0,0.0,0.0,1.0,0.0,1.0,False,False
wosar2026_a1_r03,a1,proc.io_read_count_rate,2101,4.10827e-06,-1.86865e-05,0.000113053,0.430452,0.666867,0.0163969,0.9189893590909091,False,False
wosar2026_a1_r03,a1,proc.io_write_bytes_rate,2101,0.0,0.0,0.0,0.0,1.0,0.0,1.0,False,False
wosar2026_a1_r03,a1,proc.io_write_count_rate,2101,-0.128776,-0.296357,0.0394469,-1.2648,0.205944,0.0648263,0.3863840990712074,False,False
wosar2026_a1_r03,a1,proc.num_fds,2101,0.0,0.0,0.0,-1.52576,0.127069,0.0727238,0.2637116917808219,False,False
wosar2026_a1_r03,a1,proc.num_threads,2101,0.0,0.0,0.0,0.0,1.0,0.0,1.0,False,False
wosar2026_a1_r03,a1,proc.pss_bytes,2101,12225.8,0.0,20658.9,3.31318,0.000922425,0.99,0.0051612689454545455,True,False
wosar2026_a1_r03,a1,proc.rss_bytes,2101,12215.5,0.0,20653.2,3.30883,0.000936864,0.99,0.0051612689454545455,True,False
wosar2026_a1_r03,a1,proc.uss_bytes,2101,12215.5,0.0,20653.2,3.30883,0.000936864,0.99,0.0051612689454545455,True,False
wosar2026_a1_r03,a1,proc.vms_bytes,2101,0.0,0.0,0.0,1.73404,0.0829112,0.987659,0.20176275059760956,False,False
wosar2026_a1_r03,a1,proc.voluntary_ctx_switches_rate,2101,0.00616968,3.56653e-05,0.0101973,2.98405,0.00284457,0.0238802,0.014275406776859505,True,True
wosar2026_a1_r03,a1,system.cpu_percent_total,2101,0.00236967,0.0,0.00505334,4.50215,6.72703e-06,0.510797,6.682918327868852e-05,True,False
wosar2026_a1_r03,a1,system.fd_allocated,2101,-0.66764,-1.05705,-0.279503,-2.83652,0.00456081,0.764538,0.02142520046511628,True,True
wosar2026_a1_r03,a1,system.load_avg_1m,2101,0.000785156,-0.00290425,0.00445053,0.629385,0.529097,0.767608,0.790213551724138,False,False
wosar2026_a1_r03,a1,system.mem_used_bytes,2101,1909410.0,1730560.0,2090300.0,5.66946,1.43244e-08,0.652066,3.6169109999999997e-07,True,True
wosar2026_a1_r03,a1,system.swap_used_bytes,2101,0.0,-2710.59,47734.6,0.57283,0.56676,0.986009,0.8239085899280576,False,False
wosar2026_a2_r01,a2,client.drop_rate,2101,0.0,0.0,0.0,0.0,1.0,0.0,1.0,False,False
wosar2026_a2_r01,a2,client.e2e_p50,2076,0.000192929,-0.00381983,0.00421375,0.113513,0.909624,0.0500296,1.0,False,False
wosar2026_a2_r01,a2,client.e2e_p95,2076,0.00428383,-0.0159806,0.0244837,0.532395,0.594452,0.0454073,0.8577093142857143,False,False
wosar2026_a2_r01,a2,client.e2e_p99,2076,0.0399456,0.00203158,0.0776063,3.02436,0.00249162,0.0755601,0.012905313846153845,True,True
wosar2026_a2_r01,a2,client.tokens_per_sec,0,,,,,,,,False,False
wosar2026_a2_r01,a2,client.ttft_p50,2076,-1.13533e-07,-1.73817e-07,-5.53848e-08,-2.38858,0.0169137,0.775821,0.06064912544378698,True,True
wosar2026_a2_r01,a2,client.ttft_p99,2076,-7.96122e-07,-1.04566e-06,-5.63401e-07,-5.05616,4.27786e-07,0.0,6.647136307692308e-06,True,True
wosar2026_a2_r01,a2,gpu.ecc_db_volatile,2101,0.0,0.0,0.0,0.0,1.0,0.0,1.0,False,False
wosar2026_a2_r01,a2,gpu.ecc_sb_volatile,2101,0.0,0.0,0.0,0.0,1.0,0.0,1.0,False,False
wosar2026_a2_r01,a2,gpu.gpu_util_percent,2101,0.0,0.0,0.0,-2.75797,0.00581611,0.962319,0.026107871555555554,True,False
wosar2026_a2_r01,a2,gpu.mem_clock_mhz,2101,0.0,0.0,0.0,-1.73436,0.082855,0.959994,0.20176275059760956,False,False
wosar2026_a2_r01,a2,gpu.mem_util_percent,2101,0.0,0.0,0.0,-1.63433,0.102189,0.961158,0.23021016356877325,False,False
wosar2026_a2_r01,a2,gpu.power_draw_w,2101,0.015997,-0.112244,0.141653,0.981891,0.326153,0.94614,0.5631017606837607,False,False
wosar2026_a2_r01,a2,gpu.sm_clock_mhz,2101,0.0,0.0,0.0,-2.34575,0.0189889,0.968745,0.0661337551724138,True,False
wosar2026_a2_r01,a2,gpu.temperature_c,2101,0.0,0.0,0.0,1.40741,0.159306,0.947143,0.3144607035830619,False,False
wosar2026_a2_r01,a2,gpu.vram_used_bytes,2101,0.0,0.0,0.0,-1.73415,0.0828907,0.961532,0.20176275059760956,False,False
wosar2026_a2_r01,a2,proc.cpu_percent,2076,0.0,0.0,0.0,1.33799,0.1809,0.396521,0.3510534840764331,False,False
wosar2026_a2_r01,a2,proc.involuntary_ctx_switches_rate,2076,0.262335,0.207609,0.312542,2.59588,0.00943481,0.82167,0.03863172202702703,True,True
wosar2026_a2_r01,a2,proc.io_read_bytes_rate,2076,0.0,0.0,0.0,0.0,1.0,0.0,1.0,False,False
wosar2026_a2_r01,a2,proc.io_read_count_rate,2076,-0.0127514,-0.0243626,-7.08191e-06,-2.01288,0.0441274,0.0956904,0.1346976603015075,False,False
wosar2026_a2_r01,a2,proc.io_write_bytes_rate,2076,0.0,0.0,0.0,0.0,1.0,0.0,1.0,False,False
wosar2026_a2_r01,a2,proc.io_write_count_rate,2076,-0.0126488,-0.0242065,-6.59947e-06,-1.99045,0.0465417,0.094639,0.14031975223880597,False,False
wosar2026_a2_r01,a2,proc.num_fds,2076,0.0,0.0,0.0,0.0,1.0,0.0,1.0,False,False
wosar2026_a2_r01,a2,proc.num_threads,2076,0.0,0.0,0.0,0.0,1.0,0.0,1.0,False,False
wosar2026_a2_r01,a2,proc.pss_bytes,2076,42873.2,16930.9,61934.5,4.92271,8.53544e-07,0.99,1.261579668292683e-05,True,True
wosar2026_a2_r01,a2,proc.rss_bytes,2076,43288.3,17825.2,62045.3,5.14327,2.69998e-07,0.99,4.3972954736842106e-06,True,True
wosar2026_a2_r01,a2,proc.uss_bytes,2076,42514.1,15562.6,61892.9,4.91024,9.09639e-07,0.99,1.3124791285714285e-05,True,True
wosar2026_a2_r01,a2,proc.vms_bytes,2076,37538.5,0.0,63103.9,3.16348,0.00155897,0.99,0.008287156315789473,True,False
wosar2026_a2_r01,a2,proc.voluntary_ctx_switches_rate,2076,-0.0280511,-0.065891,0.00905947,-1.27443,0.202511,0.132607,0.3811231863354037,False,False
wosar2026_a2_r01,a2,system.cpu_percent_total,2101,0.0,-0.00349243,0.00453172,0.5024,0.615386,0.825998,0.872209570093458,False,False
wosar2026_a2_r01,a2,system.fd_allocated,2101,-0.551302,-1.42302,0.314136,-2.36551,0.0180054,0.944498,0.06343763023255815,True,False
wosar2026_a2_r01,a2,system.load_avg_1m,2101,-0.000200327,-0.00717918,0.00666177,-0.175608,0.860602,0.92283,1.0,False,False
wosar2026_a2_r01,a2,system.mem_used_bytes,2101,3184680.0,2564150.0,3778800.0,9.46613,0.0,0.967918,0.0,True,True
wosar2026_a2_r01,a2,system.swap_used_bytes,2101,381679.0,-7299.8,641123.0,1.49002,0.136219,0.99,0.276619745819398,False,False
wosar2026_a2_r02,a2,client.drop_rate,2101,0.0,0.0,0.0,0.0,1.0,0.0,1.0,False,False
wosar2026_a2_r02,a2,client.e2e_p50,2030,-0.00251056,-0.00676204,0.00171988,-1.54328,0.122763,0.0707671,0.2574141724137931,False,False
wosar2026_a2_r02,a2,client.e2e_p95,2030,-0.0154906,-0.0374816,0.00658946,-1.62798,0.103529,0.0625198,0.23236508888888888,False,False
wosar2026_a2_r02,a2,client.e2e_p99,2030,-0.0376355,-0.0749728,0.000638227,-1.96367,0.0495685,0.00750718,0.1472077463414634,False,False
wosar2026_a2_r02,a2,client.tokens_per_sec,0,,,,,,,,False,False
wosar2026_a2_r02,a2,client.ttft_p50,2030,0.0,-4.02961e-08,4.3244e-08,0.133755,0.893596,0.800972,1.0,False,False
wosar2026_a2_r02,a2,client.ttft_p99,2030,-1.56405e-07,-2.38161e-07,-7.92843e-08,-3.75169,0.000175647,0.0,0.0011696932087912088,True,True
wosar2026_a2_r02,a2,gpu.ecc_db_volatile,2101,0.0,0.0,0.0,0.0,1.0,0.0,1.0,False,False
wosar2026_a2_r02,a2,gpu.ecc_sb_volatile,2101,0.0,0.0,0.0,0.0,1.0,0.0,1.0,False,False
wosar2026_a2_r02,a2,gpu.gpu_util_percent,2101,0.0,0.0,0.0,-1.76129,0.0781892,0.985842,0.20176275059760956,False,False
wosar2026_a2_r02,a2,gpu.mem_clock_mhz,2101,0.0,0.0,0.0,-1.73392,0.0829329,0.986094,0.20176275059760956,False,False
wosar2026_a2_r02,a2,gpu.mem_util_percent,2101,0.0,0.0,0.0,-1.61699,0.105881,0.985516,0.23455713043478263,False,False
wosar2026_a2_r02,a2,gpu.power_draw_w,2101,-0.0784734,-0.31643,0.138645,-2.46166,0.0138297,0.977063,0.05338088025477707,True,False
wosar2026_a2_r02,a2,gpu.sm_clock_mhz,2101,0.0,0.0,0.0,-1.69001,0.0910267,0.985928,0.21134934942528735,False,False
wosar2026_a2_r02,a2,gpu.temperature_c,2101,0.0,-0.0461538,0.0,-1.60574,0.108331,0.981427,0.23614599280575538,False,False
wosar2026_a2_r02,a2,gpu.vram_used_bytes,2101,0.0,0.0,0.0,-1.73392,0.0829329,0.986094,0.20176275059760956,False,False
wosar2026_a2_r02,a2,proc.cpu_percent,2030,0.0,0.0,0.0,2.90596,0.0036613,0.378514,0.0177499824,True,False
wosar2026_a2_r02,a2,proc.involuntary_ctx_switches_rate,2030,0.303233,0.253261,0.348177,2.71958,0.00653652,0.762669,0.028913365839416057,True,True
wosar2026_a2_r02,a2,proc.io_read_bytes_rate,2030,0.0,0.0,0.0,0.0,1.0,0.0,1.0,False,False
wosar2026_a2_r02,a2,proc.io_read_count_rate,2030,0.00702612,-0.00361466,0.019827,1.02263,0.306482,0.101148,0.5337014137931034,False,False
wosar2026_a2_r02,a2,proc.io_write_bytes_rate,2030,0.0,0.0,0.0,0.0,1.0,0.0,1.0,False,False
wosar2026_a2_r02,a2,proc.io_write_count_rate,2030,0.00699389,-0.003549,0.0198026,1.05787,0.290116,0.101551,0.5110764418604651,False,False
wosar2026_a2_r02,a2,proc.num_fds,2030,0.0,0.0,0.0,0.0,1.0,0.0,1.0,False,False
wosar2026_a2_r02,a2,proc.num_threads,2030,0.0,0.0,0.0,0.0,1.0,0.0,1.0,False,False
wosar2026_a2_r02,a2,proc.pss_bytes,2030,4871.89,1270.08,91509.7,2.62998,0.00853902,0.986557,0.03568721462068965,True,True
wosar2026_a2_r02,a2,proc.rss_bytes,2030,3177.93,1340.51,97958.8,4.07773,4.54768e-05,0.99,0.0003533197538461538,True,True
wosar2026_a2_r02,a2,proc.uss_bytes,2030,5851.43,1402.74,87353.0,2.37821,0.0173969,0.982882,0.061863385964912275,True,True
wosar2026_a2_r02,a2,proc.vms_bytes,2030,0.0,0.0,92931.4,1.85175,0.0640624,0.99,0.17559013783783783,False,False
wosar2026_a2_r02,a2,proc.voluntary_ctx_switches_rate,2030,0.00542654,-0.0323246,0.0443772,0.284799,0.775798,0.0727266,1.0,False,False
wosar2026_a2_r02,a2,system.cpu_percent_total,2101,-0.00247729,-0.00868936,0.0,-1.50832,0.131472,0.831696,0.270993306122449,False,False
wosar2026_a2_r02,a2,system.fd_allocated,2101,-1.59763,-3.3526,-0.154072,-6.77937,1.20703e-11,0.977234,6.649638e-10,True,True
wosar2026_a2_r02,a2,system.load_avg_1m,2101,-0.00453162,-0.0118041,0.00234503,-2.35957,0.0182959,0.912758,0.06408852832369942,True,False
wosar2026_a2_r02,a2,system.mem_used_bytes,2101,1446510.0,55588.6,2530130.0,8.08157,6.66134e-16,0.989774,6.7279534e-14,True,True
wosar2026_a2_r02,a2,system.swap_used_bytes,2101,322503.0,0.0,555706.0,1.94974,0.0512071,0.99,0.15063836213592233,False,False
wosar2026_a2_r03,a2,client.drop_rate,2101,0.0,0.0,0.0,0.0,1.0,0.0,1.0,False,False
wosar2026_a2_r03,a2,client.e2e_p50,2101,0.0031719,-0.000999956,0.0073172,1.48096,0.138616,0.0774319,0.28000432,False,False
wosar2026_a2_r03,a2,client.e2e_p95,2101,0.0194691,-0.00108415,0.0402182,2.406,0.0161284,0.0523156,0.05887837590361446,True,False
wosar2026_a2_r03,a2,client.e2e_p99,2101,0.0382771,0.00179819,0.0750673,1.81418,0.0696503,0.0392847,0.18842893660714286,False,False
wosar2026_a2_r03,a2,client.tokens_per_sec,0,,,,,,,,False,False
wosar2026_a2_r03,a2,client.ttft_p50,2101,-1.0776e-07,-1.8811e-07,-3.33453e-08,-0.62085,0.534698,0.693684,0.7927485073170732,False,False
wosar2026_a2_r03,a2,client.ttft_p99,2101,-3.9212e-07,-7.05018e-07,-1.10341e-07,-0.672573,0.501219,0.0,0.7631625979899497,False,False
wosar2026_a2_r03,a2,gpu.ecc_db_volatile,2101,0.0,0.0,0.0,0.0,1.0,0.0,1.0,False,False
wosar2026_a2_r03,a2,gpu.ecc_sb_volatile,2101,0.0,0.0,0.0,0.0,1.0,0.0,1.0,False,False
wosar2026_a2_r03,a2,gpu.gpu_util_percent,2101,0.0,0.0,0.0,0.42323,0.672127,0.149302,0.9205139999999999,False,False
wosar2026_a2_r03,a2,gpu.mem_clock_mhz,2101,0.0,0.0,0.0,0.0,1.0,0.0,1.0,False,False
wosar2026_a2_r03,a2,gpu.mem_util_percent,2101,0.0,0.0,0.0,-0.422148,0.672917,0.0,0.9205139999999999,False,False
wosar2026_a2_r03,a2,gpu.power_draw_w,2101,-0.0037558,-0.0267383,0.019377,-0.346856,0.728699,0.134208,0.9770235,False,False
wosar2026_a2_r03,a2,gpu.sm_clock_mhz,2101,0.0,0.0,0.0,0.136581,0.891362,0.0204098,1.0,False,False
wosar2026_a2_r03,a2,gpu.temperature_c,2101,0.0,0.0,0.0,-1.18477,0.23611,0.475938,0.4335838181818182,False,False
wosar2026_a2_r03,a2,gpu.vram_used_bytes,2101,0.0,0.0,0.0,0.0,1.0,0.0,1.0,False,False
wosar2026_a2_r03,a2,proc.cpu_percent,2101,0.0,0.0,0.0,0.214124,0.830451,0.152974,1.0,False,False
wosar2026_a2_r03,a2,proc.involuntary_ctx_switches_rate,2101,0.250908,0.210263,0.290327,2.68701,0.00720957,0.749437,0.03143165050359712,True,True
wosar2026_a2_r03,a2,proc.io_read_bytes_rate,2101,0.0,0.0,0.0,0.0,1.0,0.0,1.0,False,False
wosar2026_a2_r03,a2,proc.io_read_count_rate,2101,-0.00700331,-0.0187005,4.73699e-05,-1.67803,0.0933413,0.0812697,0.2145912568181818,False,False
wosar2026_a2_r03,a2,proc.io_write_bytes_rate,2101,0.0,0.0,0.0,0.0,1.0,0.0,1.0,False,False
wosar2026_a2_r03,a2,proc.io_write_count_rate,2101,-0.00677709,-0.0184747,7.61496e-05,-1.63798,0.101426,0.0845826,0.23020283146067416,False,False
wosar2026_a2_r03,a2,proc.num_fds,2101,0.0,0.0,0.0,0.0,1.0,0.0,1.0,False,False
wosar2026_a2_r03,a2,proc.num_threads,2101,0.0,0.0,0.0,0.0,1.0,0.0,1.0,False,False
wosar2026_a2_r03,a2,proc.pss_bytes,2101,9452.31,4822.33,21442.6,2.10303,0.0354633,0.863247,0.11492384919786097,False,False
wosar2026_a2_r03,a2,proc.rss_bytes,2101,2204.13,289.129,29629.2,3.33669,0.000847821,0.99,0.004801677813084112,True,True
wosar2026_a2_r03,a2,proc.uss_bytes,2101,15855.5,8960.0,21507.8,2.12042,0.0339704,0.839346,0.11127528387096774,False,False
wosar2026_a2_r03,a2,proc.vms_bytes,2101,557.279,0.0,52124.7,2.44679,0.0144137,0.99,0.05493523396226414,True,False
wosar2026_a2_r03,a2,proc.voluntary_ctx_switches_rate,2101,-0.0386799,-0.0721171,-0.00445281,-2.07409,0.0380706,0.0781187,0.12161112315789474,False,False
wosar2026_a2_r03,a2,system.cpu_percent_total,2101,0.00196721,0.0,0.00482315,4.1271,3.67362e-05,0.514662,0.00029292285789473684,True,False
wosar2026_a2_r03,a2,system.fd_allocated,2101,-0.673171,-1.07383,-0.273109,-2.98343,0.00285037,0.777113,0.014275406776859505,True,True
wosar2026_a2_r03,a2,system.load_avg_1m,2101,0.000753539,-0.00294,0.00441809,0.678676,0.497343,0.766684,0.7603101914357683,False,False
wosar2026_a2_r03,a2,system.mem_used_bytes,2101,1896520.0,1697780.0,2098540.0,5.60059,2.13625e-08,0.710875,4.97910576923077e-07,True,True
wosar2026_a2_r03,a2,system.swap_used_bytes,2101,424.578,-2507.76,47168.3,0.590123,0.555108,0.985529,0.8145168232445522,False,False
wosar2026_e1_r01,e1,client.drop_rate,2101,0.0,0.0,0.0,-0.738032,0.460495,0.0,0.7248310909090908,False,False
wosar2026_e1_r01,e1,client.e2e_p50,2101,-0.00279932,-0.0075448,0.00185254,-1.13807,0.25509,0.0809938,0.4587078338278932,False,False
wosar2026_e1_r01,e1,client.e2e_p95,2101,-0.0155872,-0.0387115,0.00738826,-1.75723,0.0788792,0.0691224,0.20176275059760956,False,False
wosar2026_e1_r01,e1,client.e2e_p99,2101,-0.0153032,-0.055006,0.0248756,-1.04072,0.298004,0.0373934,0.5204334985590777,False,False
wosar2026_e1_r01,e1,client.tokens_per_sec,2101,-0.131054,-0.451513,0.189756,-0.9011,0.367535,0.0,0.6221402513966481,False,False
wosar2026_e1_r01,e1,client.ttft_p50,2101,-6.09697e-05,-0.000171723,4.94902e-05,-1.23477,0.216916,0.0473007,0.4032242208588957,False,False
wosar2026_e1_r01,e1,client.ttft_p99,2101,0.00023779,-0.000321144,0.000788984,0.830972,0.405989,0.0,0.6642397035040432,False,False
wosar2026_e1_r01,e1,gpu.ecc_db_volatile,2101,0.0,0.0,0.0,0.0,1.0,0.0,1.0,False,False
wosar2026_e1_r01,e1,gpu.ecc_sb_volatile,2101,0.0,0.0,0.0,0.0,1.0,0.0,1.0,False,False
wosar2026_e1_r01,e1,gpu.gpu_util_percent,2101,0.0,0.0,0.0,0.0,1.0,0.0,1.0,False,False
wosar2026_e1_r01,e1,gpu.mem_clock_mhz,2101,0.0,0.0,0.0,0.0,1.0,0.0,1.0,False,False
wosar2026_e1_r01,e1,gpu.mem_util_percent,2101,0.0,0.0,0.0,-0.545285,0.585557,0.0306381,0.8468915083532219,False,False
wosar2026_e1_r01,e1,gpu.power_draw_w,2101,-0.032246,-0.0486169,-0.0160514,-4.29395,1.75525e-05,0.107791,0.00015642374999999997,True,True
wosar2026_e1_r01,e1,gpu.sm_clock_mhz,2101,0.0,0.0,0.0,1.54689,0.12189,0.00672491,0.256476875,False,False
wosar2026_e1_r01,e1,gpu.temperature_c,2101,-0.0309438,-0.0365186,0.0,-3.48513,0.000491907,0.571175,0.0030110670909090907,True,False
wosar2026_e1_r01,e1,gpu.vram_used_bytes,2101,0.0,0.0,0.0,0.0,1.0,0.0,1.0,False,False
wosar2026_e1_r01,e1,proc.cpu_percent,2101,0.0117647,0.00589391,0.0173913,3.18378,0.00145365,0.181527,0.007865284821428571,True,True
wosar2026_e1_r01,e1,proc.involuntary_ctx_switches_rate,2101,1.51974e-06,2.40943e-07,0.00450098,1.25487,0.209528,0.624822,0.39189496296296294,False,False
wosar2026_e1_r01,e1,proc.io_read_bytes_rate,2101,0.0,0.0,0.0,0.0,1.0,0.0,1.0,False,False
wosar2026_e1_r01,e1,proc.io_read_count_rate,2101,2.46832e-05,-0.000345992,0.0083831,0.653157,0.513655,0.0907566,0.7743157462686566,False,False
wosar2026_e1_r01,e1,proc.io_write_bytes_rate,2101,0.0,0.0,0.0,0.0,1.0,0.0,1.0,False,False
wosar2026_e1_r01,e1,proc.io_write_count_rate,2101,-9.90993e-05,-0.272808,0.272913,-0.00689465,0.994499,0.0882754,1.0,False,False
wosar2026_e1_r01,e1,proc.num_fds,2101,0.0,-0.0286807,0.0,-0.79433,0.427004,0.159705,0.6845619682539683,False,False
wosar2026_e1_r01,e1,proc.num_threads,2101,0.0,0.0,0.0,0.0,1.0,0.0,1.0,False,False
wosar2026_e1_r01,e1,proc.pss_bytes,2101,6973.89,1507.73,22341.8,5.78081,7.43419e-09,0.99,2.3711153368421052e-07,True,True
wosar2026_e1_r01,e1,proc.rss_bytes,2101,6957.82,1495.5,22341.8,5.76177,8.32344e-09,0.99,2.4019069714285716e-07,True,True
wosar2026_e1_r01,e1,proc.uss_bytes,2101,6957.82,1495.5,22341.8,5.76177,8.32344e-09,0.99,2.4019069714285716e-07,True,True
wosar2026_e1_r01,e1,proc.vms_bytes,2101,0.0,0.0,0.0,1.84631,0.0648466,0.99,0.1762199085201794,False,False
wosar2026_e1_r01,e1,proc.voluntary_ctx_switches_rate,2101,5.63965e-05,-0.000775739,0.0100927,0.831141,0.405894,0.123646,0.6642397035040432,False,False
wosar2026_e1_r01,e1,system.cpu_percent_total,2101,0.00230238,0.0,0.00486224,2.44774,0.0143754,0.108342,0.05493523396226414,True,False
wosar2026_e1_r01,e1,system.fd_allocated,2101,-0.567285,-1.15909,0.0,-1.69856,0.0894027,0.677522,0.20918160694980695,False,False
wosar2026_e1_r01,e1,system.load_avg_1m,2101,-0.00807965,-0.022293,0.0061556,-1.92839,0.0538068,0.511607,0.15490221611374408,False,False
wosar2026_e1_r01,e1,system.mem_used_bytes,2101,41456800.0,26528800.0,52973100.0,4.64595,3.38512e-06,0.99,4.186495346938776e-05,True,True
wosar2026_e1_r01,e1,system.swap_used_bytes,2101,47427.4,0.0,3911860.0,2.53792,0.0111512,0.99,0.04393814805194805,True,False
wosar2026_e1_r02,e1,client.drop_rate,2101,0.0,0.0,0.0,0.0253565,0.979771,0.0,1.0,False,False
wosar2026_e1_r02,e1,client.e2e_p50,2101,0.00500419,0.000553465,0.00937574,2.62587,0.00864281,0.0738724,0.03587358123287671,True,True
wosar2026_e1_r02,e1,client.e2e_p95,2101,0.0178642,-0.00471939,0.0403089,1.93436,0.0530688,0.0704615,0.1538741282296651,False,False
wosar2026_e1_r02,e1,client.e2e_p99,2101,0.0278536,-0.0127085,0.0689136,1.3597,0.173924,0.0773579,0.33999336774193545,False,False
wosar2026_e1_r02,e1,client.tokens_per_sec,2101,0.37931,0.046398,0.705882,2.59821,0.00937123,0.0150969,0.03863172202702703,True,True
wosar2026_e1_r02,e1,client.ttft_p50,2101,0.000124336,1.4134e-05,0.000236017,8.26524,2.22045e-16,0.0399393,2.6911854e-14,True,True
wosar2026_e1_r02,e1,client.ttft_p99,2101,0.000514967,-5.60327e-05,0.00108069,2.27312,0.0230188,0.00295258,0.07881012881355932,True,False
wosar2026_e1_r02,e1,gpu.ecc_db_volatile,2101,0.0,0.0,0.0,0.0,1.0,0.0,1.0,False,False
wosar2026_e1_r02,e1,gpu.ecc_sb_volatile,2101,0.0,0.0,0.0,0.0,1.0,0.0,1.0,False,False
wosar2026_e1_r02,e1,gpu.gpu_util_percent,2101,0.0,0.0,0.0,0.0,1.0,0.0,1.0,False,False
wosar2026_e1_r02,e1,gpu.mem_clock_mhz,2101,0.0,0.0,0.0,0.0,1.0,0.0,1.0,False,False
wosar2026_e1_r02,e1,gpu.mem_util_percent,2101,0.0,0.0,0.0,-0.834291,0.404117,0.0250275,0.6642397035040432,False,False
wosar2026_e1_r02,e1,gpu.power_draw_w,2101,0.0181473,0.00151408,0.034755,2.51481,0.0119098,0.107223,0.04656347612903226,True,True
wosar2026_e1_r02,e1,gpu.sm_clock_mhz,2101,0.0,0.0,0.0,-1.29871,0.194045,0.0158514,0.3709503785488959,False,False
wosar2026_e1_r02,e1,gpu.temperature_c,2101,0.0,0.0,0.0,1.61262,0.106828,0.265712,0.23455713043478263,False,False
wosar2026_e1_r02,e1,gpu.vram_used_bytes,2101,0.0,0.0,0.0,0.0,1.0,0.0,1.0,False,False
wosar2026_e1_r02,e1,proc.cpu_percent,2101,0.0192205,0.0130719,0.0252738,8.60223,0.0,0.28888,0.0,True,True
wosar2026_e1_r02,e1,proc.involuntary_ctx_switches_rate,2101,5.67276e-07,8.58681e-08,0.00425227,5.84765,4.98575e-09,0.846967,1.6785358333333334e-07,True,True
wosar2026_e1_r02,e1,proc.io_read_bytes_rate,2101,0.0,0.0,0.0,0.0,1.0,0.0,1.0,False,False
wosar2026_e1_r02,e1,proc.io_read_count_rate,2101,-0.00676652,-0.0135999,-4.52339e-06,-1.89648,0.0578961,0.109724,0.16318621674418607,False,False
wosar2026_e1_r02,e1,proc.io_write_bytes_rate,2101,0.0,0.0,0.0,0.0,1.0,0.0,1.0,False,False
wosar2026_e1_r02,e1,proc.io_write_count_rate,2101,0.27905,-7.23154e-05,0.558177,2.42571,0.0152784,0.105262,0.05715253333333333,True,False
wosar2026_e1_r02,e1,proc.num_fds,2101,0.0226415,0.0,0.0480384,2.39153,0.0167782,0.139177,0.06064912544378698,True,False
wosar2026_e1_r02,e1,proc.num_threads,2101,0.0,0.0,0.0,0.0,1.0,0.0,1.0,False,False
wosar2026_e1_r02,e1,proc.pss_bytes,2101,1762.98,738.018,23795.5,4.59361,4.35651e-06,0.99,4.957944111111111e-05,True,True
wosar2026_e1_r02,e1,proc.rss_bytes,2101,1755.43,738.018,23795.5,4.59068,4.41797e-06,0.99,4.957944111111111e-05,True,True
wosar2026_e1_r02,e1,proc.uss_bytes,2101,1755.43,738.018,23795.5,4.59068,4.41797e-06,0.99,4.957944111111111e-05,True,True
wosar2026_e1_r02,e1,proc.vms_bytes,2101,0.0,0.0,0.0,1.77199,0.0763966,0.986729,0.20176275059760956,False,False
wosar2026_e1_r02,e1,proc.voluntary_ctx_switches_rate,2101,-0.008584,-0.0162531,-1.70794e-05,-2.02331,0.0430413,0.139252,0.13240115634517766,False,False
wosar2026_e1_r02,e1,system.cpu_percent_total,2101,0.00590551,0.00167879,0.0100671,4.66995,3.0127e-06,0.533415,4.0571026666666666e-05,True,True
wosar2026_e1_r02,e1,system.fd_allocated,2101,-0.16055,-0.803571,0.480549,-0.570058,0.568638,0.726818,0.824389062200957,False,False
wosar2026_e1_r02,e1,system.load_avg_1m,2101,0.00845364,-0.0166981,0.033606,1.52696,0.12677,0.791033,0.2637116917808219,False,False
wosar2026_e1_r02,e1,system.mem_used_bytes,2101,14059900.0,11481900.0,16567600.0,4.40161,1.07451e-05,0.972742,0.00010135676307692307,True,True
wosar2026_e1_r02,e1,system.swap_used_bytes,2101,16072.3,-71001.0,117975.0,0.835297,0.40355,0.99,0.6642397035040432,False,False
wosar2026_e1_r03,e1,client.drop_rate,2101,0.0,0.0,0.0,0.0642796,0.948748,0.0,1.0,False,False
wosar2026_e1_r03,e1,client.e2e_p50,2101,0.00218416,-0.00242116,0.00680191,1.10506,0.269133,0.112381,0.4811050088495576,False,False
wosar2026_e1_r03,e1,client.e2e_p95,2101,0.0135866,-0.00930021,0.036786,1.1574,0.247107,0.103085,0.45017064864864864,False,False
wosar2026_e1_r03,e1,client.e2e_p99,2101,0.0249903,-0.0148306,0.0654935,1.24603,0.212753,0.0473687,0.3967025169230769,False,False
wosar2026_e1_r03,e1,client.tokens_per_sec,2101,0.136002,-0.20068,0.470443,1.00843,0.313248,0.0116163,0.5439205959885387,False,False
wosar2026_e1_r03,e1,client.ttft_p50,2101,3.24348e-05,-7.24733e-05,0.00013704,0.879948,0.378887,0.0149396,0.6377931166666666,False,False
wosar2026_e1_r03,e1,client.ttft_p99,2101,0.000201269,-0.00041484,0.000816701,0.767076,0.443036,0.0642952,0.7035136492146596,False,False
wosar2026_e1_r03,e1,gpu.ecc_db_volatile,2101,0.0,0.0,0.0,0.0,1.0,0.0,1.0,False,False
wosar2026_e1_r03,e1,gpu.ecc_sb_volatile,2101,0.0,0.0,0.0,0.0,1.0,0.0,1.0,False,False
wosar2026_e1_r03,e1,gpu.gpu_util_percent,2101,0.0,0.0,0.0,0.0,1.0,0.0,1.0,False,False
wosar2026_e1_r03,e1,gpu.mem_clock_mhz,2101,0.0,0.0,0.0,0.0,1.0,0.0,1.0,False,False
wosar2026_e1_r03,e1,gpu.mem_util_percent,2101,0.0,0.0,0.0,0.579755,0.56208,0.0128097,0.8227547826086956,False,False
wosar2026_e1_r03,e1,gpu.power_draw_w,2101,-0.0031296,-0.0185685,0.0125686,-0.659209,0.509762,0.0366827,0.7703635211970075,False,False
wosar2026_e1_r03,e1,gpu.sm_clock_mhz,2101,0.0,0.0,0.0,0.286101,0.774801,0.0119727,1.0,False,False
wosar2026_e1_r03,e1,gpu.temperature_c,2101,0.0,0.0,0.0,-0.149206,0.881391,0.319008,1.0,False,False
wosar2026_e1_r03,e1,gpu.vram_used_bytes,2101,0.0,0.0,0.0,0.0,1.0,0.0,1.0,False,False
wosar2026_e1_r03,e1,proc.cpu_percent,2101,0.0,0.0,0.00743494,0.618345,0.536348,0.17072,0.7927485073170732,False,False
wosar2026_e1_r03,e1,proc.involuntary_ctx_switches_rate,2101,3.64438e-07,1.804e-07,7.89399e-07,2.55445,0.0106356,0.348332,0.042967824,True,True
wosar2026_e1_r03,e1,proc.io_read_bytes_rate,2101,0.0,0.0,0.0,0.0,1.0,0.0,1.0,False,False
wosar2026_e1_r03,e1,proc.io_read_count_rate,2101,-0.00338333,-0.0106706,2.00026e-05,-1.45429,0.145867,0.0940875,0.29270000662251655,False,False
wosar2026_e1_r03,e1,proc.io_write_bytes_rate,2101,0.0,0.0,0.0,0.0,1.0,0.0,1.0,False,False
wosar2026_e1_r03,e1,proc.io_write_count_rate,2101,-0.0468626,-0.345966,0.252213,-0.429921,0.667253,0.128656,0.9189893590909091,False,False
wosar2026_e1_r03,e1,proc.num_fds,2101,0.0,0.0,0.0339367,1.09078,0.275371,0.1187,0.489368991202346,False,False
wosar2026_e1_r03,e1,proc.num_threads,2101,0.0,0.0,0.0,0.0,1.0,0.0,1.0,False,False
wosar2026_e1_r03,e1,proc.pss_bytes,2101,4967.03,844.536,23527.2,3.59636,0.000322696,0.99,0.0020584607999999996,True,True
wosar2026_e1_r03,e1,proc.rss_bytes,2101,4958.32,833.791,23500.1,3.59071,0.000329775,0.99,0.0020602438144329896,True,True
wosar2026_e1_r03,e1,proc.uss_bytes,2101,4958.32,833.791,23500.1,3.59071,0.000329775,0.99,0.0020602438144329896,True,True
wosar2026_e1_r03,e1,proc.vms_bytes,2101,0.0,0.0,0.0,1.84992,0.0643251,0.99,0.17559013783783783,False,False
wosar2026_e1_r03,e1,proc.voluntary_ctx_switches_rate,2101,-0.00758096,-0.0153118,-5.12481e-06,-1.89652,0.0578914,0.122455,0.16318621674418607,False,False
wosar2026_e1_r03,e1,system.cpu_percent_total,2101,0.00380711,0.0,0.00639659,2.81709,0.00484609,0.107229,0.022587840458015266,True,False
wosar2026_e1_r03,e1,system.fd_allocated,2101,0.234172,-0.525346,0.984227,1.17818,0.238726,0.767595,0.43706331117824776,False,False
wosar2026_e1_r03,e1,system.load_avg_1m,2101,0.00077888,-0.0139078,0.015522,0.130418,0.896236,0.523964,1.0,False,False
wosar2026_e1_r03,e1,system.mem_used_bytes,2101,14766800.0,12515500.0,16636200.0,4.52222,6.11932e-06,0.975991,6.505803368421053e-05,True,True
wosar2026_e1_r03,e1,system.swap_used_bytes,2101,334152.0,76839.7,453595.0,3.96957,7.2002e-05,0.99,0.0005386816296296297,True,True
wosar2026_e2_r01,e2,client.drop_rate,2101,0.0,0.0,0.0,-1.61334,0.106671,0.0,0.23455713043478263,False,False
wosar2026_e2_r01,e2,client.e2e_p50,2101,-0.00290125,-0.00879053,0.0029652,-0.875709,0.381188,0.102797,0.6398889972299169,False,False
wosar2026_e2_r01,e2,client.e2e_p95,2101,-0.0344083,-0.0626333,-0.00654544,-2.02339,0.0430334,0.0572983,0.13240115634517766,False,False
wosar2026_e2_r01,e2,client.e2e_p99,2101,-0.0456485,-0.0951687,0.0041782,-1.71301,0.0867109,0.0704288,0.20728373149606297,False,False
wosar2026_e2_r01,e2,client.tokens_per_sec,0,,,,,,,,False,False
wosar2026_e2_r01,e2,client.ttft_p50,2101,7.29109e-08,3.22915e-08,1.13438e-07,0.974417,0.329849,0.542254,0.5662563569405099,False,False
wosar2026_e2_r01,e2,client.ttft_p99,2101,-5.649e-08,-3.11024e-07,1.92259e-07,-0.224467,0.822394,0.0,1.0,False,False
wosar2026_e2_r01,e2,gpu.ecc_db_volatile,2101,0.0,0.0,0.0,0.0,1.0,0.0,1.0,False,False
wosar2026_e2_r01,e2,gpu.ecc_sb_volatile,2101,0.0,0.0,0.0,0.0,1.0,0.0,1.0,False,False
wosar2026_e2_r01,e2,gpu.gpu_util_percent,2101,0.0,0.0,0.0,-0.377258,0.705982,0.150564,0.9592490852017936,False,False
wosar2026_e2_r01,e2,gpu.mem_clock_mhz,2101,0.0,0.0,0.0,0.0,1.0,0.0,1.0,False,False
wosar2026_e2_r01,e2,gpu.mem_util_percent,2101,0.0,0.0,0.0,-1.33533,0.181768,0.0412346,0.3510534840764331,False,False
wosar2026_e2_r01,e2,gpu.power_draw_w,2101,-0.0481374,-0.0621935,-0.034186,-5.62795,1.82361e-08,0.0495454,4.42043064e-07,True,True
wosar2026_e2_r01,e2,gpu.sm_clock_mhz,2101,0.0,0.0,0.0,-0.261469,0.793731,0.0,1.0,False,False
wosar2026_e2_r01,e2,gpu.temperature_c,2101,-0.031679,-0.0387347,0.0,-3.38031,0.000724037,0.67986,0.0041393058679245285,True,False
wosar2026_e2_r01,e2,gpu.vram_used_bytes,2101,0.0,0.0,0.0,1.73159,0.0833473,0.937496,0.20176275059760956,False,False
wosar2026_e2_r01,e2,proc.cpu_percent,2101,-0.00379027,-0.0145867,0.00417827,-0.871841,0.383295,0.117052,0.6416485359116022,False,False
wosar2026_e2_r01,e2,proc.involuntary_ctx_switches_rate,2101,0.0,0.0,0.0,0.0279998,0.977662,0.0,1.0,False,False
wosar2026_e2_r01,e2,proc.io_read_bytes_rate,2101,0.0,0.0,0.0,0.0,1.0,0.0,1.0,False,False
wosar2026_e2_r01,e2,proc.io_read_count_rate,2101,1.67455e-05,-0.00595808,0.0110689,0.6636,0.506946,0.165193,0.76802319,False,False
wosar2026_e2_r01,e2,proc.io_write_bytes_rate,2101,0.0,0.0,0.0,0.0,1.0,0.0,1.0,False,False
wosar2026_e2_r01,e2,proc.io_write_count_rate,2101,1.55097e-05,-0.00615081,0.0109952,0.644729,0.519103,0.167223,0.7805866451612903,False,False
wosar2026_e2_r01,e2,proc.num_fds,2101,0.0,0.0,0.0,0.0,1.0,0.0,1.0,False,False
wosar2026_e2_r01,e2,proc.num_threads,2101,0.0,0.0,0.0,0.0,1.0,0.0,1.0,False,False
wosar2026_e2_r01,e2,proc.pss_bytes,2101,20517.6,11841.2,30256.9,5.13932,2.75738e-07,0.913383,4.3972954736842106e-06,True,True
wosar2026_e2_r01,e2,proc.rss_bytes,2101,21736.0,12858.7,31611.0,5.31758,1.05156e-07,0.916274,1.8207010285714287e-06,True,True
wosar2026_e2_r01,e2,proc.uss_bytes,2101,19071.0,10915.7,29028.5,4.84768,1.24911e-06,0.91049,1.7603736279069767e-05,True,True
wosar2026_e2_r01,e2,proc.vms_bytes,2101,0.0,0.0,0.0,-1.48901,0.136484,0.804378,0.276619745819398,False,False
wosar2026_e2_r01,e2,proc.voluntary_ctx_switches_rate,2101,1.17592e-06,-2.57102e-06,0.00298523,0.800549,0.423393,0.0488055,0.6805733633952256,False,False
wosar2026_e2_r01,e2,system.cpu_percent_total,2101,0.00233645,0.0,0.00495868,2.55063,0.0107527,0.110324,0.04315321986754967,True,False
wosar2026_e2_r01,e2,system.fd_allocated,2101,-0.585731,-1.19639,0.0,-1.78559,0.0741654,0.693793,0.19886828495575223,False,False
wosar2026_e2_r01,e2,system.load_avg_1m,2101,-0.00802121,-0.0222276,0.0062436,-2.07347,0.0381289,0.512721,0.12161112315789474,False,False
wosar2026_e2_r01,e2,system.mem_used_bytes,2101,41462900.0,26539900.0,52982400.0,4.64634,3.37878e-06,0.99,4.186495346938776e-05,True,True
wosar2026_e2_r01,e2,system.swap_used_bytes,2101,47427.4,0.0,3911860.0,2.53747,0.0111658,0.99,0.04393814805194805,True,False
wosar2026_e2_r02,e2,client.drop_rate,2101,0.0,0.0,0.0,0.346806,0.728737,0.0,0.9770235,False,False
wosar2026_e2_r02,e2,client.e2e_p50,2101,0.00274296,-0.00281221,0.00836448,1.33309,0.182501,0.0894482,0.3510971619047619,False,False
wosar2026_e2_r02,e2,client.e2e_p95,2101,0.0120939,-0.0172243,0.0416338,0.808684,0.418697,0.10858,0.678839584,False,False
wosar2026_e2_r02,e2,client.e2e_p99,2101,0.0144714,-0.0368105,0.0655061,0.476379,0.633804,0.0867811,0.8870328498845267,False,False
wosar2026_e2_r02,e2,client.tokens_per_sec,0,,,,,,,,False,False
wosar2026_e2_r02,e2,client.ttft_p50,2101,3.96813e-08,-8.09113e-09,8.95386e-08,2.93673,0.00331693,0.749727,0.01634194780487805,True,False
wosar2026_e2_r02,e2,client.ttft_p99,2101,-1.74157e-10,-1.89049e-07,1.86469e-07,-0.00217553,0.998264,0.0,1.0,False,False
wosar2026_e2_r02,e2,gpu.ecc_db_volatile,2101,0.0,0.0,0.0,0.0,1.0,0.0,1.0,False,False
wosar2026_e2_r02,e2,gpu.ecc_sb_volatile,2101,0.0,0.0,0.0,0.0,1.0,0.0,1.0,False,False
wosar2026_e2_r02,e2,gpu.gpu_util_percent,2101,0.0,0.0,0.0,-2.81466,0.00488285,0.150161,0.022587840458015266,True,False
wosar2026_e2_r02,e2,gpu.mem_clock_mhz,2101,0.0,0.0,0.0,0.0,1.0,0.0,1.0,False,False
wosar2026_e2_r02,e2,gpu.mem_util_percent,2101,0.0,0.0,0.0,-2.42001,0.01552,0.00233807,0.05770012269938651,True,False
wosar2026_e2_r02,e2,gpu.power_draw_w,2101,0.00818783,-0.00519062,0.0216129,0.984392,0.324923,0.0520583,0.5625809657142857,False,False
wosar2026_e2_r02,e2,gpu.sm_clock_mhz,2101,0.0,0.0,0.0,0.357426,0.720773,0.00128879,0.9752358,False,False
wosar2026_e2_r02,e2,gpu.temperature_c,2101,0.0,0.0,0.0,1.12252,0.261642,0.39049,0.46909778698224847,False,False
wosar2026_e2_r02,e2,gpu.vram_used_bytes,2101,20807500.0,0.0,34391000.0,2.73242,0.00628716,0.99,0.028014845294117647,True,False
wosar2026_e2_r02,e2,proc.cpu_percent,2101,0.00669643,-9.18805e-16,0.0184615,1.51441,0.129922,0.221901,0.2687123959044369,False,False
wosar2026_e2_r02,e2,proc.involuntary_ctx_switches_rate,2101,0.0,0.0,0.0,-1.06994,0.284645,0.819106,0.5043709649122807,False,False
wosar2026_e2_r02,e2,proc.io_read_bytes_rate,2101,0.0,0.0,0.0,0.0,1.0,0.0,1.0,False,False
wosar2026_e2_r02,e2,proc.io_read_count_rate,2101,-0.00669703,-0.0158639,8.70036e-06,-1.72449,0.08462,0.133576,0.20349095238095238,False,False
wosar2026_e2_r02,e2,proc.io_write_bytes_rate,2101,0.0,0.0,0.0,0.0,1.0,0.0,1.0,False,False
wosar2026_e2_r02,e2,proc.io_write_count_rate,2101,-0.00610201,-0.015398,1.35652e-05,-1.63816,0.101389,0.138345,0.23020283146067416,False,False
wosar2026_e2_r02,e2,proc.num_fds,2101,0.0,0.0,0.0,0.0,1.0,0.0,1.0,False,False
wosar2026_e2_r02,e2,proc.num_threads,2101,0.0,0.0,0.0,0.0,1.0,0.0,1.0,False,False
wosar2026_e2_r02,e2,proc.pss_bytes,2101,159426.0,36881.2,229721.0,3.8872,0.000101408,0.99,0.0006986975730337079,True,True
wosar2026_e2_r02,e2,proc.rss_bytes,2101,161421.0,40282.5,231396.0,3.93732,8.23976e-05,0.99,0.0006016017542168675,True,True
wosar2026_e2_r02,e2,proc.uss_bytes,2101,157246.0,33244.4,228055.0,3.8329,0.000126643,0.99,0.0008527295333333333,True,True
wosar2026_e2_r02,e2,proc.vms_bytes,2101,37763.8,0.0,90655.0,2.43373,0.0149441,0.983469,0.05624922111801243,True,False
wosar2026_e2_r02,e2,proc.voluntary_ctx_switches_rate,2101,2.4117e-06,-1.52218e-06,0.00396223,1.28051,0.200367,0.0377108,0.3782629345794392,False,False
wosar2026_e2_r02,e2,system.cpu_percent_total,2101,0.00545785,0.0,0.00958466,4.49384,6.99491e-06,0.538236,6.836960419354839e-05,True,False
wosar2026_e2_r02,e2,system.fd_allocated,2101,-0.141129,-0.761763,0.479616,-0.487734,0.625738,0.711915,0.8798079535962877,False,False
wosar2026_e2_r02,e2,system.load_avg_1m,2101,0.00922859,-0.0156948,0.0341541,1.76561,0.0774618,0.790401,0.20176275059760956,False,False
wosar2026_e2_r02,e2,system.mem_used_bytes,2101,14020200.0,12690700.0,15181700.0,4.38999,1.13353e-05,0.848219,0.00010407866363636362,True,True
wosar2026_e2_r02,e2,system.swap_used_bytes,2101,16120.2,-70812.2,118338.0,0.839786,0.401028,0.99,0.6639971803278688,False,False
wosar2026_e2_r03,e2,client.drop_rate,2101,0.0,0.0,0.0,0.572554,0.566947,0.0,0.8239085899280576,False,False
wosar2026_e2_r03,e2,client.e2e_p50,2101,0.00647021,0.000749028,0.0121891,2.56083,0.0104421,0.0760775,0.04246921208053691,True,True
wosar2026_e2_r03,e2,client.e2e_p95,2101,0.0267997,-0.00247687,0.0558006,1.96169,0.049798,0.0974007,0.1472077463414634,False,False
wosar2026_e2_r03,e2,client.e2e_p99,2101,0.0427741,-0.00680408,0.0925322,1.90739,0.0564701,0.064316,0.1607222957746479,False,False
wosar2026_e2_r03,e2,client.tokens_per_sec,0,,,,,,,,False,False
wosar2026_e2_r03,e2,client.ttft_p50,2101,-1.74879e-07,-2.20981e-07,-1.30283e-07,-2.21998,0.0264199,0.491906,0.08894699666666665,True,True
wosar2026_e2_r03,e2,client.ttft_p99,2101,-8.68382e-07,-1.1266e-06,-6.24427e-07,-2.85835,0.00425845,0.00775975,0.020161099218750003,True,True
wosar2026_e2_r03,e2,gpu.ecc_db_volatile,2101,0.0,0.0,0.0,0.0,1.0,0.0,1.0,False,False
wosar2026_e2_r03,e2,gpu.ecc_sb_volatile,2101,0.0,0.0,0.0,0.0,1.0,0.0,1.0,False,False
wosar2026_e2_r03,e2,gpu.gpu_util_percent,2101,0.0,0.0,0.0,-3.02032,0.00252508,0.142179,0.012919563529411765,True,False
wosar2026_e2_r03,e2,gpu.mem_clock_mhz,2101,0.0,0.0,0.0,0.0,1.0,0.0,1.0,False,False
wosar2026_e2_r03,e2,gpu.mem_util_percent,2101,0.0,0.0,0.0,-2.93267,0.00336057,0.0411575,0.01642343080645161,True,False
wosar2026_e2_r03,e2,gpu.power_draw_w,2101,-0.00847723,-0.022314,0.00539761,-1.4189,0.155927,0.0685893,0.3087966078431373,False,False
wosar2026_e2_r03,e2,gpu.sm_clock_mhz,2101,0.0,0.0,0.0,0.481932,0.629854,0.0262366,0.8835451944444445,False,False
wosar2026_e2_r03,e2,gpu.temperature_c,2101,0.0,0.0,0.0,-0.497216,0.619037,0.511044,0.8744438741258741,False,False
wosar2026_e2_r03,e2,gpu.vram_used_bytes,2101,0.0,0.0,0.0,1.73352,0.0830041,0.988485,0.20176275059760956,False,False
wosar2026_e2_r03,e2,proc.cpu_percent,2101,0.00920245,0.0,0.0198675,2.05061,0.0403049,0.129893,0.12655320932642486,False,False
wosar2026_e2_r03,e2,proc.involuntary_ctx_switches_rate,2101,0.0,0.0,0.0,-1.43003,0.152709,0.0524002,0.305418,False,False
wosar2026_e2_r03,e2,proc.io_read_bytes_rate,2101,0.0,0.0,0.0,0.0,1.0,0.0,1.0,False,False
wosar2026_e2_r03,e2,proc.io_read_count_rate,2101,-0.0119609,-0.0208744,-5.48702e-05,-4.52959,5.90974e-06,0.133938,6.395182928571428e-05,True,True
wosar2026_e2_r03,e2,proc.io_write_bytes_rate,2101,0.0,0.0,0.0,0.0,1.0,0.0,1.0,False,False
wosar2026_e2_r03,e2,proc.io_write_count_rate,2101,-0.011873,-0.0207844,-4.90289e-05,-3.90656,9.36206e-05,0.135443,0.0006674598070588235,True,True
wosar2026_e2_r03,e2,proc.num_fds,2101,0.0,0.0,0.0,0.0,1.0,0.0,1.0,False,False
wosar2026_e2_r03,e2,proc.num_threads,2101,0.0,0.0,0.0,0.0,1.0,0.0,1.0,False,False
wosar2026_e2_r03,e2,proc.pss_bytes,2101,64507.9,37351.2,83858.2,5.44687,5.12651e-08,0.988877,1.0214552363636362e-06,True,True
wosar2026_e2_r03,e2,proc.rss_bytes,2101,68452.7,38046.5,88774.5,5.73044,1.00171e-08,0.989244,2.7592557272727275e-07,True,True
wosar2026_e2_r03,e2,proc.uss_bytes,2101,60004.7,35108.6,78882.7,5.16618,2.38929e-07,0.988526,4.0219715e-06,True,True
wosar2026_e2_r03,e2,proc.vms_bytes,2101,35246.3,0.0,59185.9,2.6692,0.00760327,0.99,0.03267788382978723,True,False
wosar2026_e2_r03,e2,proc.voluntary_ctx_switches_rate,2101,2.90353e-07,-5.10779e-06,1.05983e-05,0.236601,0.812966,0.0607951,1.0,False,False
wosar2026_e2_r03,e2,system.cpu_percent_total,2101,0.00350058,0.0,0.0060241,2.6987,0.00696119,0.112661,0.030568703913043477,True,False
wosar2026_e2_r03,e2,system.fd_allocated,2101,0.222222,-0.516746,0.954712,1.14416,0.252558,0.755894,0.45686611343283584,False,False
wosar2026_e2_r03,e2,system.load_avg_1m,2101,0.000959505,-0.0137338,0.0157149,0.155962,0.876063,0.524451,1.0,False,False
wosar2026_e2_r03,e2,system.mem_used_bytes,2101,14738500.0,14391600.0,15083900.0,4.51794,6.24455e-06,0.571851,6.524478103448276e-05,True,True
wosar2026_e2_r03,e2,system.swap_used_bytes,2101,334797.0,207708.0,419674.0,3.9853,6.73954e-05,0.981102,0.000510520155,True,True
wosar2026_e3_r01,e3,client.drop_rate,2101,0.0,0.0,0.0,-0.442408,0.658194,0.291487,0.9106519726027396,False,False
wosar2026_e3_r01,e3,client.e2e_p50,2093,-0.173734,-1.35474,1.01842,-0.665972,0.505429,0.91535,0.7676440451127821,False,False
wosar2026_e3_r01,e3,client.e2e_p95,2093,-0.179773,-1.37818,1.01793,-0.709706,0.477887,0.915654,0.7387742908163265,False,False
wosar2026_e3_r01,e3,client.e2e_p99,2093,-0.175998,-1.36248,1.01086,-0.681457,0.495582,0.913974,0.7603101914357683,False,False
wosar2026_e3_r01,e3,client.tokens_per_sec,2093,0.003125,-0.0734463,0.0791457,0.0972853,0.9225,0.0,1.0,False,False
wosar2026_e3_r01,e3,client.ttft_p50,2091,-0.152256,-1.29623,0.995763,-0.628896,0.529417,0.911019,0.790213551724138,False,False
wosar2026_e3_r01,e3,client.ttft_p99,2091,-0.167401,-1.30904,0.975221,-0.677496,0.498091,0.908399,0.7603101914357683,False,False
wosar2026_e3_r01,e3,gpu.ecc_db_volatile,2101,0.0,0.0,0.0,0.0,1.0,0.0,1.0,False,False
wosar2026_e3_r01,e3,gpu.ecc_sb_volatile,2101,0.0,0.0,0.0,0.0,1.0,0.0,1.0,False,False
wosar2026_e3_r01,e3,gpu.gpu_util_percent,2101,0.0,0.0,0.0,-3.07213,0.00212537,0.0766445,0.011199775826086958,True,False
wosar2026_e3_r01,e3,gpu.mem_clock_mhz,2101,0.0,0.0,0.0,0.0,1.0,0.0,1.0,False,False
wosar2026_e3_r01,e3,gpu.mem_util_percent,2101,0.0,0.0,0.0,-1.88029,0.060068,0.0653597,0.16836423287671232,False,False
wosar2026_e3_r01,e3,gpu.power_draw_w,2101,-0.0569899,-0.0715456,-0.0426603,-8.0542,8.88178e-16,0.130064,7.689083828571429e-14,True,True
wosar2026_e3_r01,e3,gpu.sm_clock_mhz,2101,0.0,0.0,0.0,0.0,1.0,0.0,1.0,False,False
wosar2026_e3_r01,e3,gpu.temperature_c,2101,-0.0373832,-0.0434153,0.0,-3.17173,0.00151536,0.738168,0.008126620884955752,True,False
wosar2026_e3_r01,e3,gpu.vram_used_bytes,2101,0.0,0.0,0.0,1.73741,0.0823149,0.974318,0.20176275059760956,False,False
wosar2026_e3_r01,e3,proc.cpu_percent,2101,0.0,0.0,0.0,2.63881,0.00831977,0.0646197,0.03501236541666667,True,False
wosar2026_e3_r01,e3,proc.involuntary_ctx_switches_rate,2101,0.0,0.0,0.0,-1.54154,0.123185,0.0574602,0.2574141724137931,False,False
wosar2026_e3_r01,e3,proc.io_read_bytes_rate,2101,0.0,0.0,0.0,0.0,1.0,0.0,1.0,False,False
wosar2026_e3_r01,e3,proc.io_read_count_rate,2101,-2.72241e-06,-0.0095256,0.00862141,-0.119706,0.904716,0.038278,1.0,False,False
wosar2026_e3_r01,e3,proc.io_write_bytes_rate,2101,0.0,0.0,0.0,0.0,1.0,0.0,1.0,False,False
wosar2026_e3_r01,e3,proc.io_write_count_rate,2101,-0.00522852,-0.031472,0.0186312,-0.594312,0.552303,0.0414255,0.8123680048543689,False,False
wosar2026_e3_r01,e3,proc.num_fds,2101,0.0,-0.0368098,0.0,-0.929358,0.352703,0.83847,0.6003876910112359,False,False
wosar2026_e3_r01,e3,proc.num_threads,2101,0.0,0.0,0.0,-0.856545,0.391697,0.0403359,0.6521109395604395,False,False
wosar2026_e3_r01,e3,proc.pss_bytes,2101,10977.8,4931.64,19830.0,3.46372,0.000532765,0.981634,0.003136861922330097,True,True
wosar2026_e3_r01,e3,proc.rss_bytes,2101,10976.9,4874.15,20107.6,3.46424,0.000531727,0.981894,0.003136861922330097,True,True
wosar2026_e3_r01,e3,proc.uss_bytes,2101,10977.4,4972.02,19530.6,3.46352,0.000533163,0.981378,0.003136861922330097,True,True
wosar2026_e3_r01,e3,proc.vms_bytes,2101,0.0,0.0,0.0,1.66228,0.0964575,0.974174,0.22057828301886792,False,False
wosar2026_e3_r01,e3,proc.voluntary_ctx_switches_rate,2101,0.0503013,0.0161445,0.0847864,2.76426,0.0057052,0.0399281,0.025995121804511277,True,True
wosar2026_e3_r01,e3,system.cpu_percent_total,2101,0.00258398,0.0,0.00509338,2.80936,0.00496397,0.100912,0.022789135,True,False
wosar2026_e3_r01,e3,system.fd_allocated,2101,-0.537572,-1.15008,0.0724638,-1.5599,0.118784,0.696371,0.2525722947368421,False,False
wosar2026_e3_r01,e3,system.load_avg_1m,2101,-0.00791114,-0.0221201,0.00637775,-1.76233,0.0780141,0.511794,0.20176275059760956,False,False
wosar2026_e3_r01,e3,system.mem_used_bytes,2101,41482600.0,26562500.0,52972100.0,4.65312,3.26943e-06,0.99,4.186495346938776e-05,True,True
wosar2026_e3_r01,e3,system.swap_used_bytes,2101,46811.4,0.0,3911120.0,2.53988,0.011089,0.99,0.04393814805194805,True,False
wosar2026_e3_r02,e3,client.drop_rate,2101,0.0,0.0,0.0,-1.56464,0.117667,0.328601,0.2525722947368421,False,False
wosar2026_e3_r02,e3,client.e2e_p50,2095,-0.165121,-1.32078,0.999453,-0.908602,0.36356,0.91645,0.6171354621848739,False,False
wosar2026_e3_r02,e3,client.e2e_p95,2095,-0.146471,-1.31064,1.0264,-0.806294,0.420074,0.916906,0.678839584,False,False
wosar2026_e3_r02,e3,client.e2e_p99,2095,-0.142347,-1.2977,1.01841,-0.776886,0.437226,0.915435,0.6991001477572559,False,False
wosar2026_e3_r02,e3,client.tokens_per_sec,2095,0.0117832,-0.0614035,0.0845649,0.515306,0.60634,0.00376446,0.8666085849056604,False,False
wosar2026_e3_r02,e3,client.ttft_p50,2092,-0.1545,-1.27999,0.980431,-0.810444,0.417685,0.912958,0.678839584,False,False
wosar2026_e3_r02,e3,client.ttft_p99,2092,-0.144551,-1.26123,0.981547,-0.71593,0.474034,0.911476,0.7368897846153847,False,False
wosar2026_e3_r02,e3,gpu.ecc_db_volatile,2101,0.0,0.0,0.0,0.0,1.0,0.0,1.0,False,False
wosar2026_e3_r02,e3,gpu.ecc_sb_volatile,2101,0.0,0.0,0.0,0.0,1.0,0.0,1.0,False,False
wosar2026_e3_r02,e3,gpu.gpu_util_percent,2101,0.0,0.0,0.0,-2.12077,0.0339414,0.0612545,0.11127528387096774,False,False
wosar2026_e3_r02,e3,gpu.mem_clock_mhz,2101,0.0,0.0,0.0,0.0,1.0,0.0,1.0,False,False
wosar2026_e3_r02,e3,gpu.mem_util_percent,2101,0.0,0.0,0.0,-2.08251,0.0372955,0.0732275,0.12021847340425533,False,False
wosar2026_e3_r02,e3,gpu.power_draw_w,2101,-0.0048764,-0.0185325,0.00888649,-0.682767,0.494754,0.0913649,0.7603101914357683,False,False
wosar2026_e3_r02,e3,gpu.sm_clock_mhz,2101,0.0,0.0,0.0,0.0,1.0,0.0,1.0,False,False
wosar2026_e3_r02,e3,gpu.temperature_c,2101,0.0,0.0,0.0,0.356639,0.721362,0.359717,0.9752358,False,False
wosar2026_e3_r02,e3,gpu.vram_used_bytes,2101,49972100.0,0.0,72373400.0,4.99993,5.73517e-07,0.99,8.68878255e-06,True,False
wosar2026_e3_r02,e3,proc.cpu_percent,2101,0.0,0.0,0.0,2.33775,0.0194004,0.193727,0.06718081371428572,True,False
wosar2026_e3_r02,e3,proc.involuntary_ctx_switches_rate,2101,0.0,0.0,0.0,1.55666,0.119551,0.756916,0.25331435664335666,False,False
wosar2026_e3_r02,e3,proc.io_read_bytes_rate,2101,0.0,0.0,0.0,0.0,1.0,0.0,1.0,False,False
wosar2026_e3_r02,e3,proc.io_read_count_rate,2101,7.38046e-06,-0.00810616,0.010602,0.187057,0.851616,0.0453412,1.0,False,False
wosar2026_e3_r02,e3,proc.io_write_bytes_rate,2101,0.0,0.0,0.0,0.0,1.0,0.0,1.0,False,False
wosar2026_e3_r02,e3,proc.io_write_count_rate,2101,0.00904336,-0.0162214,0.0360308,0.729173,0.465896,0.0462484,0.7314325803108808,False,False
wosar2026_e3_r02,e3,proc.num_fds,2101,0.0,-0.0596125,0.0,-1.67729,0.0934853,0.838962,0.2145912568181818,False,False
wosar2026_e3_r02,e3,proc.num_threads,2101,0.0,0.0,0.0,1.42652,0.153718,0.037898,0.30642469736842104,False,False
wosar2026_e3_r02,e3,proc.pss_bytes,2101,31082.6,21389.4,88010.5,5.43233,5.56238e-08,0.99,1.0214552363636362e-06,True,True
wosar2026_e3_r02,e3,proc.rss_bytes,2101,31080.2,21392.6,88027.3,5.4333,5.53215e-08,0.99,1.0214552363636362e-06,True,True
wosar2026_e3_r02,e3,proc.uss_bytes,2101,31082.0,21388.3,87944.2,5.43251,5.55677e-08,0.99,1.0214552363636362e-06,True,True
wosar2026_e3_r02,e3,proc.vms_bytes,2101,52167200.0,20862.5,77341300.0,5.37355,7.71995e-08,0.99,1.3759675588235294e-06,True,True
wosar2026_e3_r02,e3,proc.voluntary_ctx_switches_rate,2101,0.0623067,0.0233699,0.101794,3.54007,0.000400027,0.0504833,0.0024736363469387754,True,True
wosar2026_e3_r02,e3,system.cpu_percent_total,2101,0.00562852,0.0,0.00985545,4.65167,3.29254e-06,0.537479,4.186495346938776e-05,True,False
wosar2026_e3_r02,e3,system.fd_allocated,2101,-0.117371,-0.757363,0.520548,-0.405392,0.685189,0.728255,0.9330888404494382,False,False
wosar2026_e3_r02,e3,system.load_avg_1m,2101,0.00860602,-0.0163267,0.0335693,1.56226,0.118226,0.790706,0.2525722947368421,False,False
wosar2026_e3_r02,e3,system.mem_used_bytes,2101,14058800.0,11429200.0,16654700.0,4.39907,1.08716e-05,0.97473,0.00010135676307692307,True,True
wosar2026_e3_r02,e3,system.swap_used_bytes,2101,16024.7,-71183.4,117544.0,0.829794,0.406655,0.99,0.6642397035040432,False,False
wosar2026_e3_r03,e3,client.drop_rate,2101,0.0,0.0,0.0,1.59152,0.111493,0.35966,0.24130270714285715,False,False
wosar2026_e3_r03,e3,client.e2e_p50,2095,0.831735,-0.611102,2.24584,4.28298,1.84411e-05,0.936032,0.00016196096521739128,True,False
wosar2026_e3_r03,e3,client.e2e_p95,2095,0.851896,-0.602397,2.27138,4.40864,1.04022e-05,0.936572,0.00010005925714285714,True,False
wosar2026_e3_r03,e3,client.e2e_p99,2095,0.853138,-0.589771,2.26046,4.29902,1.71552e-05,0.935464,0.0001551649432835821,True,False
wosar2026_e3_r03,e3,client.tokens_per_sec,2095,0.00148588,-0.071535,0.0756303,0.0458232,0.963451,0.0,1.0,False,False
wosar2026_e3_r03,e3,client.ttft_p50,2089,0.825137,-0.593811,2.21623,3.46667,0.000526939,0.93462,0.003136861922330097,True,False
wosar2026_e3_r03,e3,client.ttft_p99,2089,0.858737,-0.520518,2.2055,4.25187,2.11997e-05,0.931038,0.0001835288314285714,True,False
wosar2026_e3_r03,e3,gpu.ecc_db_volatile,2101,0.0,0.0,0.0,0.0,1.0,0.0,1.0,False,False
wosar2026_e3_r03,e3,gpu.ecc_sb_volatile,2101,0.0,0.0,0.0,0.0,1.0,0.0,1.0,False,False
wosar2026_e3_r03,e3,gpu.gpu_util_percent,2101,0.0,0.0,0.0,-2.67004,0.00758432,0.115355,0.03267788382978723,True,False
wosar2026_e3_r03,e3,gpu.mem_clock_mhz,2101,0.0,0.0,0.0,0.0,1.0,0.0,1.0,False,False
wosar2026_e3_r03,e3,gpu.mem_util_percent,2101,0.0,0.0,0.0,-3.44196,0.000577514,0.0807812,0.003365129653846154,True,False
wosar2026_e3_r03,e3,gpu.power_draw_w,2101,-0.0118176,-0.0261006,0.00239617,-1.69888,0.0893414,0.0989486,0.20918160694980695,False,False
wosar2026_e3_r03,e3,gpu.sm_clock_mhz,2101,0.0,0.0,0.0,0.0,1.0,0.0,1.0,False,False
wosar2026_e3_r03,e3,gpu.temperature_c,2101,0.0,0.0,0.0,-0.490552,0.623744,0.494182,0.8790438697674418,False,False
wosar2026_e3_r03,e3,gpu.vram_used_bytes,2101,0.0,0.0,0.0,1.77949,0.0751591,0.988081,0.20064499823788548,False,False
wosar2026_e3_r03,e3,proc.cpu_percent,2101,0.0,0.0,0.0,2.94833,0.00319492,0.0942599,0.015869848524590162,True,False
wosar2026_e3_r03,e3,proc.involuntary_ctx_switches_rate,2101,0.0,0.0,0.0,-1.32763,0.1843,0.152307,0.3534360759493671,False,False
wosar2026_e3_r03,e3,proc.io_read_bytes_rate,2101,0.0,0.0,0.0,0.0,1.0,0.0,1.0,False,False
wosar2026_e3_r03,e3,proc.io_read_count_rate,2101,-1.36389e-05,-0.0108619,0.00740536,-0.511686,0.608871,0.0706123,0.8681784141176472,False,False
wosar2026_e3_r03,e3,proc.io_write_bytes_rate,2101,0.0,0.0,0.0,0.0,1.0,0.0,1.0,False,False
wosar2026_e3_r03,e3,proc.io_write_count_rate,2101,0.0117582,-0.0124153,0.0373318,1.42392,0.154468,0.0652367,0.30691019016393445,False,False
wosar2026_e3_r03,e3,proc.num_fds,2101,0.0,-0.0249377,0.0940439,1.49246,0.13558,0.914931,0.276619745819398,False,False
wosar2026_e3_r03,e3,proc.num_threads,2101,0.0,0.0,0.0,1.35065,0.176807,0.0923148,0.3445178199356913,False,False
wosar2026_e3_r03,e3,proc.pss_bytes,2101,30093.1,17090.8,56062.0,5.51987,3.39248e-08,0.99,7.215955448275861e-07,True,True
wosar2026_e3_r03,e3,proc.rss_bytes,2101,30093.1,17090.8,56179.4,5.51675,3.45318e-08,0.99,7.215955448275861e-07,True,True
wosar2026_e3_r03,e3,proc.uss_bytes,2101,30093.1,17089.3,55935.7,5.51972,3.39548e-08,0.99,7.215955448275861e-07,True,True
wosar2026_e3_r03,e3,proc.vms_bytes,2101,12538.8,2745.92,19740.5,4.68313,2.82527e-06,0.98794,3.891167318181818e-05,True,True
wosar2026_e3_r03,e3,proc.voluntary_ctx_switches_rate,2101,0.164676,0.124582,0.204612,6.83349,8.28715e-12,0.0966741,5.0220129e-10,True,True
wosar2026_e3_r03,e3,system.cpu_percent_total,2101,0.00342466,0.0,0.00595829,2.88664,0.00389384,0.110872,0.018727516190476193,True,False
wosar2026_e3_r03,e3,system.fd_allocated,2101,0.222956,-0.53066,0.976492,1.15231,0.249194,0.768414,0.45213043113772455,False,False
wosar2026_e3_r03,e3,system.load_avg_1m,2101,4.31102e-05,-0.0145937,0.0147634,0.00666304,0.994684,0.523924,1.0,False,False
wosar2026_e3_r03,e3,system.mem_used_bytes,2101,14754000.0,12408300.0,16705200.0,4.50834,6.53377e-06,0.977324,6.599107699999999e-05,True,True
wosar2026_e3_r03,e3,system.swap_used_bytes,2101,333393.0,74342.4,452535.0,3.95916,7.5214e-05,0.99,0.0005558498048780488,True,True
wosar2026_e3b_r01,e3b,client.drop_rate,1993,0.0,0.0,0.0,0.0,1.0,0.0,1.0,False,False
wosar2026_e3b_r01,e3b,client.e2e_p50,1970,-0.011411,-0.0327774,0.00991167,-1.15676,0.247371,0.184847,0.45017064864864864,False,False
wosar2026_e3b_r01,e3b,client.e2e_p95,1970,-0.019086,-0.0576622,0.0193686,-1.28236,0.199718,0.221376,0.3782159625,False,False
wosar2026_e3b_r01,e3b,client.e2e_p99,1970,-0.0193657,-0.0594229,0.0206077,-1.22564,0.220333,0.218527,0.4083235412844036,False,False
wosar2026_e3b_r01,e3b,client.tokens_per_sec,1970,-0.0137283,-0.0514469,0.0238474,-0.726203,0.467715,0.0133525,0.7323909302325582,False,False
wosar2026_e3b_r01,e3b,client.ttft_p50,1828,-0.000600472,-0.00128818,5.86664e-05,-2.11825,0.0341538,0.169449,0.11127528387096774,False,False
wosar2026_e3b_r01,e3b,client.ttft_p99,1828,-0.00111731,-0.00260627,0.000266077,-2.64946,0.00806208,0.184219,0.034165178181818176,True,False
wosar2026_e3b_r01,e3b,gpu.ecc_db_volatile,2101,0.0,0.0,0.0,0.0,1.0,0.0,1.0,False,False
wosar2026_e3b_r01,e3b,gpu.ecc_sb_volatile,2101,0.0,0.0,0.0,0.0,1.0,0.0,1.0,False,False
wosar2026_e3b_r01,e3b,gpu.gpu_util_percent,2101,0.0,0.0,0.0,-0.715604,0.474236,0.108773,0.7368897846153847,False,False
wosar2026_e3b_r01,e3b,gpu.mem_clock_mhz,2101,0.0,0.0,0.0,-1.73458,0.0828146,0.958328,0.20176275059760956,False,False
wosar2026_e3b_r01,e3b,gpu.mem_util_percent,2101,0.0,0.0,0.0,-0.771107,0.440644,0.110399,0.7027112210526315,False,False
wosar2026_e3b_r01,e3b,gpu.power_draw_w,2101,-0.0033638,-0.017897,0.00963255,-0.468797,0.639215,0.152221,0.8925444470046082,False,False
wosar2026_e3b_r01,e3b,gpu.sm_clock_mhz,2101,0.0,0.0,0.0,-1.73458,0.0828146,0.958328,0.20176275059760956,False,False
wosar2026_e3b_r01,e3b,gpu.temperature_c,2101,0.0,0.0,0.0,-0.465613,0.641492,0.473039,0.8936647172413793,False,False
wosar2026_e3b_r01,e3b,gpu.vram_used_bytes,2101,0.0,0.0,0.0,1.39645,0.16258,0.958572,0.3198814285714286,False,False
wosar2026_e3b_r01,e3b,proc.cpu_percent,2078,0.0,0.0,0.0,-0.619288,0.535727,0.124892,0.7927485073170732,False,False
wosar2026_e3b_r01,e3b,proc.involuntary_ctx_switches_rate,2078,0.0,0.0,0.0,2.23726,0.0252691,0.0,0.08554790279329609,True,False
wosar2026_e3b_r01,e3b,proc.io_read_bytes_rate,2078,0.0,0.0,0.0,0.0,1.0,0.0,1.0,False,False
wosar2026_e3b_r01,e3b,proc.io_read_count_rate,2078,0.0,0.0,0.0,-0.453511,0.650181,0.137269,0.9016239954233409,False,False
wosar2026_e3b_r01,e3b,proc.io_write_bytes_rate,2078,0.0,0.0,0.0,0.0,1.0,0.0,1.0,False,False
wosar2026_e3b_r01,e3b,proc.io_write_count_rate,2078,0.0,0.0,0.0,-0.756165,0.44955,0.133445,0.7112984334203656,False,False
wosar2026_e3b_r01,e3b,proc.num_fds,2078,0.0,0.0,0.0,-0.284447,0.776068,0.178245,1.0,False,False
wosar2026_e3b_r01,e3b,proc.num_threads,2078,0.0,0.0,0.0,-0.633404,0.52647,0.117247,0.789705,False,False
wosar2026_e3b_r01,e3b,proc.pss_bytes,2078,38056.1,15676.5,133913.0,3.88433,0.000102614,0.989485,0.0006986975730337079,True,True
wosar2026_e3b_r01,e3b,proc.rss_bytes,2078,38049.1,15630.5,135644.0,3.88517,0.000102258,0.989561,0.0006986975730337079,True,True
wosar2026_e3b_r01,e3b,proc.uss_bytes,2078,38049.1,15722.8,132198.0,3.88439,0.000102588,0.989408,0.0006986975730337079,True,True
wosar2026_e3b_r01,e3b,proc.vms_bytes,2078,0.0,0.0,16855.6,1.90722,0.0564915,0.99,0.1607222957746479,False,False
wosar2026_e3b_r01,e3b,proc.voluntary_ctx_switches_rate,2078,-1.82228e-07,-1.6646e-06,1.11582e-06,-0.422541,0.67263,0.139998,0.9205139999999999,False,False
wosar2026_e3b_r01,e3b,system.cpu_percent_total,2101,0.0,-0.00354191,0.0046332,0.526022,0.598873,0.830331,0.859992981042654,False,False
wosar2026_e3b_r01,e3b,system.fd_allocated,2101,-0.548896,-1.37795,0.278422,-2.31819,0.0204392,0.940455,0.07037588181818183,True,False
wosar2026_e3b_r01,e3b,system.load_avg_1m,2101,-0.000120937,-0.00688384,0.00651259,-0.109636,0.912698,0.918102,1.0,False,False
wosar2026_e3b_r01,e3b,system.mem_used_bytes,2101,3169860.0,2603060.0,3711630.0,9.4716,0.0,0.962539,0.0,True,True
wosar2026_e3b_r01,e3b,system.swap_used_bytes,2101,384898.0,-6687.35,643688.0,1.50111,0.133327,0.99,0.2738852949152542,False,False
wosar2026_e3b_r02,e3b,client.drop_rate,1983,0.0,0.0,0.0,0.0,1.0,0.0,1.0,False,False
wosar2026_e3b_r02,e3b,client.e2e_p50,1920,-0.000669476,-0.0229662,0.021648,-0.085315,0.932011,0.121346,1.0,False,False
wosar2026_e3b_r02,e3b,client.e2e_p95,1920,-0.0206528,-0.0586659,0.0169731,-1.47021,0.141506,0.15923,0.2848924784053156,False,False
wosar2026_e3b_r02,e3b,client.e2e_p99,1920,-0.0220915,-0.0614928,0.0167119,-1.58832,0.112215,0.156534,0.24200103202846976,False,False
wosar2026_e3b_r02,e3b,client.tokens_per_sec,1920,-0.0309278,-0.0694864,0.00683371,-1.96738,0.04914,0.0,0.1466937931034483,False,False
wosar2026_e3b_r02,e3b,client.ttft_p50,1755,0.000197673,-0.000531907,0.000956605,0.721269,0.470744,0.155705,0.7352341855670104,False,False
wosar2026_e3b_r02,e3b,client.ttft_p99,1755,0.000373402,-0.0010781,0.00191762,0.507073,0.612104,0.169361,0.8707394929577464,False,False
wosar2026_e3b_r02,e3b,gpu.ecc_db_volatile,2101,0.0,0.0,0.0,0.0,1.0,0.0,1.0,False,False
wosar2026_e3b_r02,e3b,gpu.ecc_sb_volatile,2101,0.0,0.0,0.0,0.0,1.0,0.0,1.0,False,False
wosar2026_e3b_r02,e3b,gpu.gpu_util_percent,2101,0.0,0.0,0.0,-2.01188,0.0442324,0.0907981,0.1346976603015075,False,False
wosar2026_e3b_r02,e3b,gpu.mem_clock_mhz,2101,0.0,0.0,0.0,-1.73405,0.0829088,0.985491,0.20176275059760956,False,False
wosar2026_e3b_r02,e3b,gpu.mem_util_percent,2101,0.0,0.0,0.0,-2.03532,0.0418182,0.0890912,0.12995809846153847,False,False
wosar2026_e3b_r02,e3b,gpu.power_draw_w,2101,-0.0462176,-0.0653004,-0.0295135,-2.76172,0.00574983,0.157261,0.026002962537313434,True,True
wosar2026_e3b_r02,e3b,gpu.sm_clock_mhz,2101,0.0,0.0,0.0,-1.73405,0.0829088,0.985491,0.20176275059760956,False,False
wosar2026_e3b_r02,e3b,gpu.temperature_c,2101,-0.0560224,-0.0920245,0.0,-2.65486,0.00793424,0.543875,0.03386020732394367,True,False
wosar2026_e3b_r02,e3b,gpu.vram_used_bytes,2101,114331000.0,0.0,155981000.0,3.25923,0.00111715,0.986172,0.006099035135135134,True,False
wosar2026_e3b_r02,e3b,proc.cpu_percent,2033,0.0,0.0,0.0,-1.36773,0.171395,0.103698,0.3361338834951456,False,False
wosar2026_e3b_r02,e3b,proc.involuntary_ctx_switches_rate,2033,0.0,0.0,0.0,-0.228997,0.818871,0.00501047,1.0,False,False
wosar2026_e3b_r02,e3b,proc.io_read_bytes_rate,2033,0.0,0.0,0.0,0.0,1.0,0.0,1.0,False,False
wosar2026_e3b_r02,e3b,proc.io_read_count_rate,2033,0.0,0.0,0.0,-1.97127,0.0486925,0.0794323,0.1460775,False,False
wosar2026_e3b_r02,e3b,proc.io_write_bytes_rate,2033,0.0,0.0,0.0,0.0,1.0,0.0,1.0,False,False
wosar2026_e3b_r02,e3b,proc.io_write_count_rate,2033,0.0,0.0,0.0,-1.60679,0.1081,0.0785466,0.23614599280575538,False,False
wosar2026_e3b_r02,e3b,proc.num_fds,2033,0.0,0.0,0.0,-1.56094,0.118538,0.135912,0.2525722947368421,False,False
wosar2026_e3b_r02,e3b,proc.num_threads,2033,0.0,0.0,0.0,-0.613028,0.539858,0.0745332,0.79599500729927,False,False
wosar2026_e3b_r02,e3b,proc.pss_bytes,2033,106114.0,57344.0,208411.0,4.17277,3.00913e-05,0.99,0.00024464624,True,True
wosar2026_e3b_r02,e3b,proc.rss_bytes,2033,108924.0,58514.3,210833.0,4.17667,2.95808e-05,0.99,0.00024464624,True,True
wosar2026_e3b_r02,e3b,proc.uss_bytes,2033,103331.0,56156.5,206081.0,4.17137,3.0278e-05,0.99,0.00024464624,True,True
wosar2026_e3b_r02,e3b,proc.vms_bytes,2033,126709000.0,5313.73,179400000.0,3.91222,9.14511e-05,0.99,0.0006597543642857143,True,True
wosar2026_e3b_r02,e3b,proc.voluntary_ctx_switches_rate,2033,-1.09275e-06,-2.98242e-06,-1.79485e-08,-2.43682,0.0148172,0.0818389,0.056120144999999996,True,True
wosar2026_e3b_r02,e3b,system.cpu_percent_total,2101,-0.00248963,-0.00857143,0.0,-1.59293,0.111175,0.83081,0.24130270714285715,False,False
wosar2026_e3b_r02,e3b,system.fd_allocated,2101,-1.6,-3.11771,-0.322581,-6.73203,1.67308e-11,0.971302,8.449054e-10,True,True
wosar2026_e3b_r02,e3b,system.load_avg_1m,2101,-0.00454687,-0.01179,0.00229117,-2.4074,0.0160665,0.912439,0.05887837590361446,True,False
wosar2026_e3b_r02,e3b,system.mem_used_bytes,2101,1453020.0,370598.0,2325810.0,7.87229,3.55271e-15,0.98586,2.3921580666666665e-13,True,True
wosar2026_e3b_r02,e3b,system.swap_used_bytes,2101,320323.0,0.0,554787.0,1.94399,0.051897,0.99,0.15119991346153847,False,False
wosar2026_e3b_r03,e3b,client.drop_rate,1983,0.0,0.0,0.0,0.0,1.0,0.0,1.0,False,False
wosar2026_e3b_r03,e3b,client.e2e_p50,1983,0.0144118,-0.00900386,0.0379769,1.54724,0.121804,0.21773,0.256476875,False,False
wosar2026_e3b_r03,e3b,client.e2e_p95,1983,0.024557,-0.0138127,0.0634904,1.62073,0.105075,0.213187,0.23410091911764705,False,False
wosar2026_e3b_r03,e3b,client.e2e_p99,1983,0.0258188,-0.0140929,0.0658848,1.70574,0.0880556,0.209386,0.20844411562499998,False,False
wosar2026_e3b_r03,e3b,client.tokens_per_sec,1983,0.031362,-0.00636364,0.06875,1.92736,0.0539346,0.0,0.15490221611374408,False,False
wosar2026_e3b_r03,e3b,client.ttft_p50,1810,0.000466647,-0.000305053,0.00126946,1.28868,0.197508,0.265108,0.3752032852664577,False,False
wosar2026_e3b_r03,e3b,client.ttft_p99,1810,0.00127375,-0.000259839,0.00293257,2.37695,0.0174565,0.255098,0.061863385964912275,True,False
wosar2026_e3b_r03,e3b,gpu.ecc_db_volatile,2101,0.0,0.0,0.0,0.0,1.0,0.0,1.0,False,False
wosar2026_e3b_r03,e3b,gpu.ecc_sb_volatile,2101,0.0,0.0,0.0,0.0,1.0,0.0,1.0,False,False
wosar2026_e3b_r03,e3b,gpu.gpu_util_percent,2101,0.0,0.0,0.0,0.766348,0.443469,0.0854352,0.7035136492146596,False,False
wosar2026_e3b_r03,e3b,gpu.mem_clock_mhz,2101,0.0,0.0,0.0,0.0,1.0,0.0,1.0,False,False
wosar2026_e3b_r03,e3b,gpu.mem_util_percent,2101,0.0,0.0,0.0,0.866685,0.386114,0.0828631,0.6445870082644628,False,False
wosar2026_e3b_r03,e3b,gpu.power_draw_w,2101,0.00813588,-0.00529412,0.0223737,1.04167,0.297563,0.100985,0.5204334985590777,False,False
wosar2026_e3b_r03,e3b,gpu.sm_clock_mhz,2101,0.0,0.0,0.0,0.0,1.0,0.0,1.0,False,False
wosar2026_e3b_r03,e3b,gpu.temperature_c,2101,0.0,0.0,0.0287081,0.976757,0.32869,0.428174,0.5658697159090909,False,False
wosar2026_e3b_r03,e3b,gpu.vram_used_bytes,2101,0.0,0.0,96936800.0,2.05648,0.0397363,0.99,0.12590849375,False,False
wosar2026_e3b_r03,e3b,proc.cpu_percent,2101,0.0,0.0,0.0,1.73255,0.0831753,0.0915479,0.20176275059760956,False,False
wosar2026_e3b_r03,e3b,proc.involuntary_ctx_switches_rate,2101,0.0,0.0,0.0,0.501504,0.616016,0.0636574,0.872209570093458,False,False
wosar2026_e3b_r03,e3b,proc.io_read_bytes_rate,2101,0.0,0.0,0.0,0.0,1.0,0.0,1.0,False,False
wosar2026_e3b_r03,e3b,proc.io_read_count_rate,2101,0.0,0.0,0.0,3.04594,0.00231953,0.0813584,0.012117544655172416,True,False
wosar2026_e3b_r03,e3b,proc.io_write_bytes_rate,2101,0.0,0.0,0.0,0.0,1.0,0.0,1.0,False,False
wosar2026_e3b_r03,e3b,proc.io_write_count_rate,2101,0.0,0.0,0.0,2.40863,0.0160124,0.0808555,0.05887837590361446,True,False
wosar2026_e3b_r03,e3b,proc.num_fds,2101,0.0,0.0,0.0,1.87767,0.0604265,0.222498,0.16836423287671232,False,False
wosar2026_e3b_r03,e3b,proc.num_threads,2101,0.0,0.0,0.0,1.28951,0.197223,0.0780558,0.3752032852664577,False,False
wosar2026_e3b_r03,e3b,proc.pss_bytes,2101,62362.5,40208.4,142515.0,4.60008,4.22329e-06,0.99,4.957944111111111e-05,True,True
wosar2026_e3b_r03,e3b,proc.rss_bytes,2101,64406.1,41850.4,143447.0,4.64068,3.47267e-06,0.99,4.20887604e-05,True,True
wosar2026_e3b_r03,e3b,proc.uss_bytes,2101,60432.8,38586.1,141687.0,4.53926,5.64532e-06,0.99,6.220116218181818e-05,True,True
wosar2026_e3b_r03,e3b,proc.vms_bytes,2101,40554.5,20415.2,102105000.0,4.08862,4.33948e-05,0.99,0.00034152271168831166,True,True
wosar2026_e3b_r03,e3b,proc.voluntary_ctx_switches_rate,2101,1.36503e-06,6.76233e-08,3.7693e-06,4.06593,4.78411e-05,0.0856192,0.0003669836278481013,True,True
wosar2026_e3b_r03,e3b,system.cpu_percent_total,2101,0.00224383,0.0,0.00505902,4.1961,2.71546e-05,0.512158,0.0002285512166666667,True,False
wosar2026_e3b_r03,e3b,system.fd_allocated,2101,-0.679478,-1.09799,-0.265487,-3.01889,0.00253701,0.792047,0.012919563529411765,True,True
wosar2026_e3b_r03,e3b,system.load_avg_1m,2101,0.000760146,-0.00294038,0.00442495,0.62363,0.53287,0.766924,0.7927485073170732,False,False
wosar2026_e3b_r03,e3b,system.mem_used_bytes,2101,1908100.0,1657170.0,2164010.0,5.67651,1.37471e-08,0.808791,3.6169109999999997e-07,True,True
wosar2026_e3b_r03,e3b,system.swap_used_bytes,2101,0.0,-2891.29,48147.2,0.573215,0.566499,0.986335,0.8239085899280576,False,False
