cell_id,indicator,n_replicas,k_used_RE,k_used_stouffer,run_ids,slope_per_replica,ci_per_replica,mk_z_per_replica,slope_RE,se_RE,ci_lo_RE,ci_hi_RE,tau2_RE,I2_RE,Q_RE,Q_pvalue_RE,stouffer_z,stouffer_p,slope_pooled,ci_lo_pooled,ci_hi_pooled,pooled_coverage_pct,k_used_pooled,agreement_pct,q_value_cell,bh_reject_cell,degraded_replicas,RE_significant,pooled_ci_excludes_zero,replicas_disagree
a1,client.drop_rate,3,0,3,wosar2026_a1_r01;wosar2026_a1_r02;wosar2026_a1_r03,0;0;0,"[0,0];[0,0];[0,0]",0;0;0,,,,,,,,,0.0,1.0,0.0,0.0,0.0,75.0,3,,1.0,False,True,False,False,False
a1,client.e2e_p50,3,3,3,wosar2026_a1_r01;wosar2026_a1_r02;wosar2026_a1_r03,0.00345179;0.0011175;-0.00389322,"[-0.000229988,0.00718938];[-0.00273602,0.00497073];[-0.00738142,-0.000397664]",2.055;0.8469;-2.487,0.00018132806553527612,0.0022263698990682033,-0.004182356936638402,0.004545013067708955,1.1335111344859028e-05,76.2576144187411,8.423753346751742,0.014818532681285922,0.23931630538125373,0.8108603228381321,0.0011175,-0.00389322,0.00345179,75.0,3,516.2862856895134,1.0,False,False,False,False,True
a1,client.e2e_p95,3,3,3,wosar2026_a1_r01;wosar2026_a1_r02;wosar2026_a1_r03,0.00260571;0.00174656;0.00232781,"[-0.0158956,0.0210965];[-0.0175388,0.0210895];[-0.0157254,0.0203115]",0.3529;0.1938;0.3091,0.002241923125573024,0.005475031877875321,-0.008489139355062606,0.012972985606208654,0.0,0.0,0.004100401604732044,0.9979518994237587,0.49405940995525366,0.6212642228000738,0.00232781,0.00174656,0.00260571,75.0,3,3.830946451610546,0.9458052347105601,False,False,False,True,False
a1,client.e2e_p99,3,3,3,wosar2026_a1_r01;wosar2026_a1_r02;wosar2026_a1_r03,-0.00390346;-0.0045904;0.00594536,"[-0.0334871,0.0255054];[-0.0357621,0.0266158];[-0.0232435,0.0354123]",-0.3529;-0.3353;0.4624,-0.0006866358751036513,0.008828142726491451,-0.017989795619026895,0.016616523868819594,0.0,0.0,0.3023187799022261,0.859710658498254,-0.1304043732510532,0.896246506783142,-0.00390346,-0.0045904,0.00594536,75.0,3,468.4905408431728,1.0,False,False,False,False,False
a1,client.tokens_per_sec,3,3,3,wosar2026_a1_r01;wosar2026_a1_r02;wosar2026_a1_r03,0.145635;0.122995;-0.192664,"[-0.0409226,0.329167];[-0.0715789,0.318491];[-0.375973,-0.00817236]",2.255;1.207;-2,0.024232611679534798,0.11057791512372751,-0.19250010196297113,0.24096532532204074,0.027482820680660647,74.93455096898319,7.979110996675679,0.01850793910136856,0.844195790106379,0.3985600066622653,0.122995,-0.192664,0.145635,75.0,3,407.55981908410286,0.6664446013041159,False,False,False,False,False
a1,client.ttft_p50,3,3,3,wosar2026_a1_r01;wosar2026_a1_r02;wosar2026_a1_r03,-2.21235e-05;2.49576e-05;-1.71006e-05,"[-8.05944e-05,3.6753e-05];[-3.42229e-05,8.39708e-05];[-7.42024e-05,3.99262e-05]",-0.8021;1.053;-0.5299,-5.126901214486338e-06,1.7160946306596832e-05,-3.876235597541613e-05,2.8508553546443456e-05,0.0,0.0,1.4870672943762404,0.47543093854969176,-0.16100797896998767,0.8720871163259265,-1.71006e-05,-2.21235e-05,2.49576e-05,75.0,3,233.5465085943401,1.0,False,False,False,False,False
a1,client.ttft_p99,3,3,3,wosar2026_a1_r01;wosar2026_a1_r02;wosar2026_a1_r03,0.000200774;0.000153212;0.000105279,"[-0.000172492,0.000575514];[-0.000211899,0.000519792];[-0.000250795,0.000460281]",1.065;0.9638;1.703,0.0001514735114703139,0.000107485355362298,-5.919778503979018e-05,0.00036214480798041793,0.0,0.0,0.13169039187911152,0.9362757923679563,2.1548421002953635,0.03117419249927198,0.000153212,0.000105279,0.000200774,75.0,3,1.1477178503429852,0.0978390041515613,True,False,False,True,False
a1,gpu.ecc_db_volatile,3,0,3,wosar2026_a1_r01;wosar2026_a1_r02;wosar2026_a1_r03,0;0;0,"[0,0];[0,0];[0,0]",0;0;0,,,,,,,,,0.0,1.0,0.0,0.0,0.0,75.0,3,,1.0,False,True,False,False,False
a1,gpu.ecc_sb_volatile,3,0,3,wosar2026_a1_r01;wosar2026_a1_r02;wosar2026_a1_r03,0;0;0,"[0,0];[0,0];[0,0]",0;0;0,,,,,,,,,0.0,1.0,0.0,0.0,0.0,75.0,3,,1.0,False,True,False,False,False
a1,gpu.gpu_util_percent,3,0,3,wosar2026_a1_r01;wosar2026_a1_r02;wosar2026_a1_r03,0;0;0,"[0,0];[0,0];[0,0]",-1.693;-1.624;1.102,,,,,,,,,-1.278611453152729,0.2010339147762079,0.0,0.0,0.0,75.0,3,,0.4020678295524158,False,True,False,False,False
a1,gpu.mem_clock_mhz,3,0,3,wosar2026_a1_r01;wosar2026_a1_r02;wosar2026_a1_r03,0;0;0,"[0,0];[0,0];[0,0]",-1.735;-1.734;0,,,,,,,,,-2.0028973658511147,0.045188305897555944,0.0,0.0,0.0,75.0,3,,0.12475269198830677,False,True,False,False,False
a1,gpu.mem_util_percent,3,0,3,wosar2026_a1_r01;wosar2026_a1_r02;wosar2026_a1_r03,0;0;0,"[0,0];[0,0];[0,0]",-1.734;-1.734;0,,,,,,,,,-2.00245857964653,0.045235433620678285,0.0,0.0,0.0,75.0,3,,0.12475269198830677,False,True,False,False,False
a1,gpu.power_draw_w,3,3,3,wosar2026_a1_r01;wosar2026_a1_r02;wosar2026_a1_r03,0.00548166;-0.0291598;-0.0243376,"[-0.0896411,0.0979076];[-0.215149,0.136356];[-0.039439,-0.00918483]",0.7124;-0.9676;-4.51,-0.023621309325939074,0.007592041944908509,-0.038501711537959754,-0.008740907113918396,0.0,0.0,0.38244288463612447,0.82594966768976,-2.7512183702558644,0.00593740490349359,-0.0243376,-0.0291598,0.00548166,75.0,3,3.0323919143396174,0.02124965965460864,True,False,True,False,False
a1,gpu.sm_clock_mhz,3,0,3,wosar2026_a1_r01;wosar2026_a1_r02;wosar2026_a1_r03,0;0;0,"[0,0];[0,0];[0,0]",-1.709;-1.736;0.03742,,,,,,,,,-1.9669224396378016,0.049192153113261965,0.0,0.0,0.0,75.0,3,,0.13380265646807254,False,True,False,False,False
a1,gpu.temperature_c,3,0,3,wosar2026_a1_r01;wosar2026_a1_r02;wosar2026_a1_r03,0;0;0,"[0,0];[0,0];[0,0]",1.335;-1.222;-1.635,,,,,,,,,-0.8790215583438972,0.3793895869143634,0.0,0.0,0.0,75.0,3,,0.6449622977544178,False,True,False,False,False
a1,gpu.vram_used_bytes,3,1,3,wosar2026_a1_r01;wosar2026_a1_r02;wosar2026_a1_r03,0;0;0,"[0,0];[-9.42189e+07,0];[0,0]",1.853;-2.043;1.683,0.0,24035433.673469387,-94218900.0,0.0,0.0,0.0,0.0,1.0,0.861943537381268,0.3887185892947217,0.0,0.0,0.0,75.0,3,,0.6553602662489523,False,True,False,False,False
a1,proc.cpu_percent,3,2,3,wosar2026_a1_r01;wosar2026_a1_r02;wosar2026_a1_r03,0;0.00645856;0,"[0,0];[0,0.010084];[-0.00365631,0]",0.5213;2.876;-1.875,0.002784327525897088,0.0031984787968954392,-0.0034846909160179723,0.009053345967812149,1.7112757135339018e-05,82.05000001843368,5.571030646389672,0.018260009732983265,0.8790446523546648,0.37937706559980333,0.0,0.0,0.00645856,75.0,3,99.99999999999999,0.6449622977544178,False,True,False,False,True
a1,proc.involuntary_ctx_switches_rate,3,3,3,wosar2026_a1_r01;wosar2026_a1_r02;wosar2026_a1_r03,4.66912e-08;3.50677e-08;-0.0165446,"[5.29545e-09,1.55846e-07];[3.81452e-09,9.2274e-08];[-0.0183862,-0.014697]",4.206;3.405;-6.251,3.801525968310706e-08,3.909500944438077e-07,-7.28246925426756e-07,8.042774447929701e-07,3.0469265077689587e-13,99.35298843049465,309.1134833228735,7.531126725498045e-68,0.7848845969525283,0.4325212338078408,3.50677e-08,-0.0165446,4.66912e-08,75.0,3,7.753622381321981,0.711567191103222,False,False,False,False,True
a1,proc.io_read_bytes_rate,3,0,3,wosar2026_a1_r01;wosar2026_a1_r02;wosar2026_a1_r03,0;0;0,"[0,0];[0,0];[0,0]",0;0;0,,,,,,,,,0.0,1.0,0.0,0.0,0.0,75.0,3,,1.0,False,True,False,False,False
a1,proc.io_read_count_rate,3,3,3,wosar2026_a1_r01;wosar2026_a1_r02;wosar2026_a1_r03,-8.03101e-06;-6.92282e-05;4.10827e-06,"[-0.00367832,8.67658e-06];[-0.00642598,-2.47376e-06];[-1.86865e-05,0.000113053]",-0.8067;-2.178;0.4305,4.0620037618417075e-06,3.3578530781411684e-05,-6.175191656972519e-05,6.987592409340861e-05,0.0,0.0,0.002167617084673676,0.9989167785660179,-1.474658242609566,0.14030444785726337,-8.03101e-06,-6.92282e-05,4.10827e-06,75.0,3,297.71055052786926,0.2950732717822859,False,False,False,False,False
a1,proc.io_write_bytes_rate,3,0,3,wosar2026_a1_r01;wosar2026_a1_r02;wosar2026_a1_r03,0;0;0,"[0,0];[0,0];[0,0]",0;0;0,,,,,,,,,0.0,1.0,0.0,0.0,0.0,75.0,3,,1.0,False,True,False,False,False
a1,proc.io_write_count_rate,3,3,3,wosar2026_a1_r01;wosar2026_a1_r02;wosar2026_a1_r03,0.0536858;0.1165;-0.128776,"[-0.10787,0.214061];[-0.0583877,0.291045];[-0.296357,0.0394469]",0.6789;1.14;-1.265,0.013058482626106123,0.07273792833361016,-0.12950785690776978,0.15562482215998202,0.008544552025121829,53.836904374057326,4.332465084676953,0.11460858757054174,0.31964073893252937,0.7492406880256504,0.0536858,-0.128776,0.1165,75.0,3,311.1182098038939,1.0,False,False,False,False,False
a1,proc.num_fds,3,0,3,wosar2026_a1_r01;wosar2026_a1_r02;wosar2026_a1_r03,0;0;0,"[0,0];[0,0];[0,0]",1.712;0.4183;-1.526,,,,,,,,,0.3490983043671223,0.7270155095143296,0.0,0.0,0.0,75.0,3,,1.0,False,True,False,False,False
a1,proc.num_threads,3,0,3,wosar2026_a1_r01;wosar2026_a1_r02;wosar2026_a1_r03,0;0;0,"[0,0];[0,0];[0,0]",0;-1.73;0,,,,,,,,,-0.999018038292269,0.3177859531545957,0.0,0.0,0.0,75.0,3,,0.5637246473351089,False,True,False,False,False
a1,proc.pss_bytes,3,3,3,wosar2026_a1_r01;wosar2026_a1_r02;wosar2026_a1_r03,12874.2;13165.7;12225.8,"[9511.86,15964.4];[12897.8,13450.3];[0,20658.9]",6.289;3.619;3.313,13162.91299222193,140.38019574967805,12887.767808552562,13438.0581758913,0.0,0.0,0.06277357654940023,0.9691006638016817,7.633546280641783,2.283826666856835e-14,12874.2,12225.8,13165.7,75.0,3,2.1933822125279785,2.751861548938333e-13,True,False,True,True,False
a1,proc.rss_bytes,3,3,3,wosar2026_a1_r01;wosar2026_a1_r02;wosar2026_a1_r03,12874.2;13156.3;12215.5,"[9511.86,15964.4];[0,17956.3];[0,20653.2]",6.289;3.61;3.309,12851.48369748657,1486.1705412966485,9938.589436545139,15764.377958428002,0.0,0.0,0.019189526976444046,0.9904511193925887,7.625648128959269,2.4281131314161763e-14,12874.2,12215.5,13156.3,75.0,3,0.1767601550774502,2.751861548938333e-13,True,False,True,True,False
a1,proc.uss_bytes,3,3,3,wosar2026_a1_r01;wosar2026_a1_r02;wosar2026_a1_r03,12874.2;13165.7;12215.5,"[9511.86,15964.4];[12901.5,13444.2];[0,20653.2]",6.289;3.619;3.309,13163.002818495379,137.90952324669158,12892.700152931864,13433.305484058894,0.0,0.0,0.06350411319639834,0.968746746668207,7.631034806970809,2.3287678783296273e-14,12874.2,12215.5,13165.7,75.0,3,2.194049659319228,2.751861548938333e-13,True,False,True,True,False
a1,proc.vms_bytes,3,1,3,wosar2026_a1_r01;wosar2026_a1_r02;wosar2026_a1_r03,0;0;0,"[0,53453.3];[0,0];[0,0]",1.877;1.808;1.734,0.0,13636.045918367348,0.0,53453.3,0.0,0.0,0.0,1.0,3.128459036144366,0.001757255037405423,0.0,0.0,0.0,75.0,3,,0.00651781868419466,True,True,False,False,False
a1,proc.voluntary_ctx_switches_rate,3,3,3,wosar2026_a1_r01;wosar2026_a1_r02;wosar2026_a1_r03,-1.07943e-05;-0.00435805;0.00616968,"[-0.00440409,1.5086e-05];[-0.00861869,-9.72785e-06];[3.56653e-05,0.0101973]",-0.8966;-2.138;2.984,0.00039238178741529163,0.0024456493418118486,-0.004401090922535931,0.0051858544973665145,1.3966452081087907e-05,79.17205666638179,9.602484354620918,0.008219530590605009,-0.028915433531824214,0.9769320365903505,-1.07943e-05,-0.00435805,0.00616968,75.0,3,102.75096866016757,1.0,False,False,False,False,True
a1,system.cpu_percent_total,3,3,3,wosar2026_a1_r01;wosar2026_a1_r02;wosar2026_a1_r03,0;-0.00242424;0.00236967,"[-0.00337838,0.00490998];[-0.00853728,0];[0,0.00505334]",0.7521;-1.616;4.502,0.000405934150793774,0.0014519270900230448,-0.002439842945651394,0.0032517112472389416,3.0393566153097345e-06,47.51219516969848,3.8104089253993494,0.1487922170534101,2.10069876940103,0.03566741742667023,0.0,-0.00242424,0.00236967,75.0,3,100.0,0.10859930082150338,False,False,False,False,False
a1,system.fd_allocated,3,3,3,wosar2026_a1_r01;wosar2026_a1_r02;wosar2026_a1_r03,-0.530547;-1.59019;-0.66764,"[-1.34615,0.282404];[-3.1711,-0.266798];[-1.05705,-0.279503]",-2.176;-6.56;-2.837,-0.6944730620660382,0.17399255906188216,-1.0354984778273273,-0.3534476463047492,0.0,0.0,1.6355969278551261,0.44140234879802676,-6.681576515785777,2.3638529905102392e-11,-0.66764,-1.59019,-0.530547,75.0,3,3.8638017126554303,1.7222357502288887e-10,True,False,True,True,False
a1,system.load_avg_1m,3,3,3,wosar2026_a1_r01;wosar2026_a1_r02;wosar2026_a1_r03,-0.000244141;-0.00454672;0.000785156,"[-0.00700345,0.0064017];[-0.0120204,0.00247797];[-0.00290425,0.00445053]",-0.2138;-2.39;0.6294,-0.0002941376815814018,0.0015029695352646217,-0.0032399579707000606,0.002651682607537257,0.0,0.0,1.6531490634199149,0.43754552051306805,-1.140178447058325,0.2542119648626272,-0.000244141,-0.00454672,0.000785156,75.0,3,16.997713897994856,0.4801781558516292,False,False,False,False,False
a1,system.mem_used_bytes,3,3,3,wosar2026_a1_r01;wosar2026_a1_r02;wosar2026_a1_r03,3.18396e+06;1.45523e+06;1.90941e+06,"[2.59293e+06,3.74784e+06];[274418,2.40527e+06];[1.73056e+06,2.0903e+06]",9.375;7.893;5.669,2229466.2260812884,485430.156439657,1278023.1194595606,3180909.332703016,595517721545.5367,88.96239718031043,18.11987650463625,0.00011623015330637073,13.243272021677022,4.93510084440636e-40,1909410.0,1455230.0,3183960.0,75.0,3,14.355733329221506,3.3558685741963253e-38,True,False,True,True,True
a1,system.swap_used_bytes,3,3,3,wosar2026_a1_r01;wosar2026_a1_r02;wosar2026_a1_r03,383080;320799;0,"[-7021.71,642317];[0,554822];[-2710.59,47734.6]",1.496;1.946;0.5728,201493.62457271392,144233.791838295,-81204.60743034427,484191.8565757721,48797558488.05692,80.65533097015603,10.338765666729696,0.005688078228263734,2.317859258202131,0.020456971296289667,320799.0,0.0,383080.0,75.0,3,59.21049645133155,0.0673100345877918,True,False,False,False,True
a2,client.drop_rate,3,0,3,wosar2026_a2_r01;wosar2026_a2_r02;wosar2026_a2_r03,0;0;0,"[0,0];[0,0];[0,0]",0;0;0,,,,,,,,,0.0,1.0,0.0,0.0,0.0,75.0,3,,1.0,False,True,False,False,False
a2,client.e2e_p50,3,3,3,wosar2026_a2_r01;wosar2026_a2_r02;wosar2026_a2_r03,0.000192929;-0.00251056;0.0031719,"[-0.00381983,0.00421375];[-0.00676204,0.00171988];[-0.000999956,0.0073172]",0.1135;-1.543;1.481,0.00030421602485911417,0.0016173430250334285,-0.0028657763042064053,0.003474208353924634,3.391295876675641e-06,43.212019414535476,3.521872021826958,0.17188390329506123,0.02955629233062454,0.9764209237377542,0.000192929,-0.00251056,0.0031719,75.0,3,36.58157880100249,1.0,False,False,False,False,False
a2,client.e2e_p95,3,3,3,wosar2026_a2_r01;wosar2026_a2_r02;wosar2026_a2_r03,0.00428383;-0.0154906;0.0194691,"[-0.0159806,0.0244837];[-0.0374816,0.00658946];[-0.00108415,0.0402182]",0.5324;-1.628;2.406,0.003070572848509332,0.009913780236573726,-0.01636043641517517,0.022501582112193837,0.00018043510227077565,61.211126278056526,5.156117742260117,0.07592123397957505,0.7565684530001235,0.4493084473092802,0.00428383,-0.0154906,0.0194691,75.0,3,39.512404080550205,0.7217238051267177,False,False,False,False,False
a2,client.e2e_p99,3,3,3,wosar2026_a2_r01;wosar2026_a2_r02;wosar2026_a2_r03,0.0399456;-0.0376355;0.0382771,"[0.00203158,0.0776063];[-0.0749728,0.000638227];[0.00179819,0.0750673]",3.024;-1.964;1.814,0.013627412451582391,0.025443748604250093,-0.03624233481274779,0.06349715971591258,0.0015778463955582163,81.246155668843,10.664480117696552,0.0048332311547280345,1.6598069683851795,0.09695329145375096,0.0382771,-0.0376355,0.0399456,75.0,3,180.88311068588322,0.23268789948900231,False,False,False,False,True
a2,client.tokens_per_sec,3,0,3,wosar2026_a2_r01;wosar2026_a2_r02;wosar2026_a2_r03,0;0;0,"[0,0];[0,0];[0,0]",0;0;0,,,,,,,,,0.0,1.0,0.0,0.0,0.0,75.0,3,,1.0,False,True,False,False,False
a2,client.ttft_p50,3,3,3,wosar2026_a2_r01;wosar2026_a2_r02;wosar2026_a2_r03,-1.13533e-07;0;-1.0776e-07,"[-1.73817e-07,-5.53848e-08];[-4.02961e-08,4.3244e-08];[-1.8811e-07,-3.33453e-08]",-2.389;0.1338;-0.6209,-7.018095270421666e-08,4.209168312826377e-08,-1.5268065163561365e-07,1.2318746227180322e-08,4.377725297739964e-15,83.42179413818825,12.064031636903737,0.002400649823580469,-1.6602717353518772,0.09685979911715768,-1.0776e-07,-1.13533e-07,0.0,75.0,3,53.545934969226316,0.23268789948900231,False,False,False,False,True
a2,client.ttft_p99,3,3,3,wosar2026_a2_r01;wosar2026_a2_r02;wosar2026_a2_r03,-7.96122e-07;-1.56405e-07;-3.9212e-07,"[-1.04566e-06,-5.63401e-07];[-2.38161e-07,-7.92843e-08];[-7.05018e-07,-1.10341e-07]",-5.056;-3.752;-0.6726,-4.387853194988293e-07,2.1183750868184359e-07,-8.539868365152427e-07,-2.358380248241584e-08,1.2195023685500376e-13,92.1919190113503,25.614488411522863,2.7408452334815918e-06,-5.47352477108152,4.4117118149053653e-08,-3.9212e-07,-7.96122e-07,-1.56405e-07,75.0,3,10.63511412645468,2.499970028446374e-07,True,False,True,True,True
a2,gpu.ecc_db_volatile,3,0,3,wosar2026_a2_r01;wosar2026_a2_r02;wosar2026_a2_r03,0;0;0,"[0,0];[0,0];[0,0]",0;0;0,,,,,,,,,0.0,1.0,0.0,0.0,0.0,75.0,3,,1.0,False,True,False,False,False
a2,gpu.ecc_sb_volatile,3,0,3,wosar2026_a2_r01;wosar2026_a2_r02;wosar2026_a2_r03,0;0;0,"[0,0];[0,0];[0,0]",0;0;0,,,,,,,,,0.0,1.0,0.0,0.0,0.0,75.0,3,,1.0,False,True,False,False,False
a2,gpu.gpu_util_percent,3,0,3,wosar2026_a2_r01;wosar2026_a2_r02;wosar2026_a2_r03,0;0;0,"[0,0];[0,0];[0,0]",-2.758;-1.761;0.4232,,,,,,,,,-2.364844023108783,0.01803766591818596,0.0,0.0,0.0,75.0,3,,0.06236752283576162,True,True,False,False,False
a2,gpu.mem_clock_mhz,3,0,3,wosar2026_a2_r01;wosar2026_a2_r02;wosar2026_a2_r03,0;0;0,"[0,0];[0,0];[0,0]",-1.734;-1.734;0,,,,,,,,,-2.002412391624995,0.04524039684304698,0.0,0.0,0.0,75.0,3,,0.12475269198830677,False,True,False,False,False
a2,gpu.mem_util_percent,3,0,3,wosar2026_a2_r01;wosar2026_a2_r02;wosar2026_a2_r03,0;0;0,"[0,0];[0,0];[0,0]",-1.634;-1.617;-0.4221,,,,,,,,,-2.120877738659476,0.0339320924876176,0.0,0.0,0.0,75.0,3,,0.10488101314354532,False,True,False,False,False
a2,gpu.power_draw_w,3,3,3,wosar2026_a2_r01;wosar2026_a2_r02;wosar2026_a2_r03,0.015997;-0.0784734;-0.0037558,"[-0.112244,0.141653];[-0.31643,0.138645];[-0.0267383,0.019377]",0.9819;-2.462;-0.3469,-0.0038666393794640486,0.011517627742888524,-0.026441189755525556,0.01870791099659746,0.0,0.0,0.5071540827001365,0.7760199569969279,-1.0546024354585004,0.29160718946900377,-0.0037558,-0.0784734,0.015997,75.0,3,2.8665559051801672,0.5218233916813751,False,False,False,False,False
a2,gpu.sm_clock_mhz,3,0,3,wosar2026_a2_r01;wosar2026_a2_r02;wosar2026_a2_r03,0;0;0,"[0,0];[0,0];[0,0]",-2.346;-1.69;0.1366,,,,,,,,,-2.2511920452685357,0.02437337651131597,0.0,0.0,0.0,75.0,3,,0.07892331441759458,True,True,False,False,False
a2,gpu.temperature_c,3,1,3,wosar2026_a2_r01;wosar2026_a2_r02;wosar2026_a2_r03,0;0;0,"[0,0];[-0.0461538,0];[0,0]",1.407;-1.606;-1.185,0.0,0.011773928571428572,-0.0461538,0.0,0.0,0.0,0.0,1.0,-0.7985331573161715,0.4245611595729768,0.0,0.0,0.0,75.0,3,,0.7041502158771322,False,True,False,False,False
a2,gpu.vram_used_bytes,3,0,3,wosar2026_a2_r01;wosar2026_a2_r02;wosar2026_a2_r03,0;0;0,"[0,0];[0,0];[0,0]",-1.734;-1.734;0,,,,,,,,,-2.0022911480684655,0.04525342748595442,0.0,0.0,0.0,75.0,3,,0.12475269198830677,False,True,False,False,False
a2,proc.cpu_percent,3,0,3,wosar2026_a2_r01;wosar2026_a2_r02;wosar2026_a2_r03,0;0;0,"[0,0];[0,0];[0,0]",1.338;2.906;0.2141,,,,,,,,,2.5738702239672717,0.010056798728244528,0.0,0.0,0.0,75.0,3,,0.035372188630377305,True,True,False,False,False
a2,proc.involuntary_ctx_switches_rate,3,3,3,wosar2026_a2_r01;wosar2026_a2_r02;wosar2026_a2_r03,0.262335;0.303233;0.250908,"[0.207609,0.312542];[0.253261,0.348177];[0.210263,0.290327]",2.596;2.72;2.687,0.2708248374558491,0.016219928638684735,0.23903377732402703,0.3026158975876712,0.00023517103444393488,29.56629000105896,2.8395494146624816,0.2417684794277537,4.620228208681904,3.833181865403805e-06,0.262335,0.250908,0.303233,75.0,3,3.1348075514799048,2.0050489757496825e-05,True,False,True,True,False
a2,proc.io_read_bytes_rate,3,0,3,wosar2026_a2_r01;wosar2026_a2_r02;wosar2026_a2_r03,0;0;0,"[0,0];[0,0];[0,0]",0;0;0,,,,,,,,,0.0,1.0,0.0,0.0,0.0,75.0,3,,1.0,False,True,False,False,False
a2,proc.io_read_count_rate,3,3,3,wosar2026_a2_r01;wosar2026_a2_r02;wosar2026_a2_r03,-0.0127514;0.00702612;-0.00700331,"[-0.0243626,-7.08191e-06];[-0.00361466,0.019827];[-0.0187005,4.73699e-05]",-2.013;1.023;-1.678,-0.004302154277689352,0.00551782001832822,-0.015117081513612664,0.006512772958233958,5.9461385870267215e-05,65.23380982367463,5.752715468265299,0.05633959336195452,-1.5405321762732949,0.12343068590469305,-0.00700331,-0.0127514,0.00702612,75.0,3,62.78611941739601,0.26787085026124874,False,False,False,False,False
a2,proc.io_write_bytes_rate,3,0,3,wosar2026_a2_r01;wosar2026_a2_r02;wosar2026_a2_r03,0;0;0,"[0,0];[0,0];[0,0]",0;0;0,,,,,,,,,0.0,1.0,0.0,0.0,0.0,75.0,3,,1.0,False,True,False,False,False
a2,proc.io_write_count_rate,3,3,3,wosar2026_a2_r01;wosar2026_a2_r02;wosar2026_a2_r03,-0.0126488;0.00699389;-0.00677709,"[-0.0242065,-6.59947e-06];[-0.003549,0.0198026];[-0.0184747,7.61496e-05]",-1.99;1.058;-1.638,-0.004206867961250733,0.0054531672117353654,-0.01489507569625205,0.006481339773750584,5.776687837456992e-05,64.88752347027727,5.69598102346042,0.05796067522630897,-1.4841135079680845,0.13777881022613794,-0.00677709,-0.0126488,0.00699389,75.0,3,61.09585711801426,0.2927799717305431,False,False,False,False,False
a2,proc.num_fds,3,0,3,wosar2026_a2_r01;wosar2026_a2_r02;wosar2026_a2_r03,0;0;0,"[0,0];[0,0];[0,0]",0;0;0,,,,,,,,,0.0,1.0,0.0,0.0,0.0,75.0,3,,1.0,False,True,False,False,False
a2,proc.num_threads,3,0,3,wosar2026_a2_r01;wosar2026_a2_r02;wosar2026_a2_r03,0;0;0,"[0,0];[0,0];[0,0]",0;0;0,,,,,,,,,0.0,1.0,0.0,0.0,0.0,75.0,3,,1.0,False,True,False,False,False
a2,proc.pss_bytes,3,3,3,wosar2026_a2_r01;wosar2026_a2_r02;wosar2026_a2_r03,42873.2;4871.89;9452.31,"[16930.9,61934.5];[1270.08,91509.7];[4822.33,21442.6]",4.923;2.63;2.103,20266.129213421475,12789.465785411427,-4801.223725984921,45333.48215282787,336284687.0010756,73.65868630566482,7.59263574781431,0.02245329569729009,5.574732541219654,2.4791044824540753e-08,9452.31,4871.89,42873.2,75.0,3,53.35907562584719,1.444963755487518e-07,True,False,False,True,False
a2,proc.rss_bytes,3,3,3,wosar2026_a2_r01;wosar2026_a2_r02;wosar2026_a2_r03,43288.3;3177.93;2204.13,"[17825.2,62045.3];[1340.51,97958.8];[289.129,29629.2]",5.143;4.078;3.337,17611.907897916364,15892.698139777647,-13537.780456047825,48761.59625188055,555607178.1607456,78.76266789817376,9.417378748002047,0.00901658721536659,7.2501857018998725,4.162005973859012e-13,3177.93,2204.13,43288.3,75.0,3,81.95578799060165,3.691518342031472e-12,True,False,False,True,True
a2,proc.uss_bytes,3,3,3,wosar2026_a2_r01;wosar2026_a2_r02;wosar2026_a2_r03,42514.1;5851.43;15855.5,"[15562.6,61892.9];[1402.74,87353];[8960,21507.8]",4.91;2.378;2.12,22737.057162327634,9976.623101865654,3182.8758826709527,42291.238441984315,176307571.80362448,60.20057923663108,5.025198763296537,0.08105726638949245,5.432213627270195,5.5659232409536304e-08,15855.5,5851.43,42514.1,75.0,3,30.265821619736634,3.0687793004176774e-07,True,False,True,True,False
a2,proc.vms_bytes,3,3,3,wosar2026_a2_r01;wosar2026_a2_r02;wosar2026_a2_r03,37538.5;0;557.279,"[0,63103.9];[0,92931.4];[0,52124.7]",3.163;1.852;2.447,13549.24300362445,13014.475358429758,-11959.128698897874,39057.61470614677,218535524.34770814,42.85331302058304,3.4997654382315426,0.173794325007349,4.308199255698371,1.6458907939432937e-05,557.279,0.0,37538.5,75.0,3,95.88701007243779,7.808412138707718e-05,True,False,False,False,False
a2,proc.voluntary_ctx_switches_rate,3,3,3,wosar2026_a2_r01;wosar2026_a2_r02;wosar2026_a2_r03,-0.0280511;0.00542654;-0.0386799,"[-0.065891,0.00905947];[-0.0323246,0.0443772];[-0.0721171,-0.00445281]",-1.274;0.2848;-2.074,-0.021534464430852555,0.01315672201809592,-0.04732163958632056,0.004252710724615447,0.0001731872780475725,33.30149161311546,2.9985678066426984,0.22329000013863154,-1.7688401440719097,0.07692055534048416,-0.0280511,-0.0386799,0.00542654,75.0,3,30.261423914546125,0.1937258430797379,False,False,False,False,False
a2,system.cpu_percent_total,3,3,3,wosar2026_a2_r01;wosar2026_a2_r02;wosar2026_a2_r03,0;-0.00247729;0.00196721,"[-0.00349243,0.00453172];[-0.00868936,0];[0,0.00482315]",0.5024;-1.508;4.127,0.00034180727329087074,0.001300130351679221,-0.002206448216000402,0.002890062762582144,1.9935915156724346e-06,38.11312268732977,3.2317028857271746,0.19872139847176995,1.8020141131892764,0.07154318512595324,0.0,-0.00247729,0.00196721,75.0,3,99.99999999999999,0.18711294571403156,False,False,False,False,False
a2,system.fd_allocated,3,3,3,wosar2026_a2_r01;wosar2026_a2_r02;wosar2026_a2_r03,-0.551302;-1.59763;-0.673171,"[-1.42302,0.314136];[-3.3526,-0.154072];[-1.07383,-0.273109]",-2.366;-6.779;-2.983,-0.6983004574646027,0.18089111071532796,-1.0528470344666454,-0.3437538804625599,0.0,0.0,1.339980343323491,0.5117136070562474,-7.002283043315231,2.5182467199256236e-12,-0.673171,-1.59763,-0.551302,75.0,3,3.5986597453828164,2.054889323459309e-11,True,False,True,True,False
a2,system.load_avg_1m,3,3,3,wosar2026_a2_r01;wosar2026_a2_r02;wosar2026_a2_r03,-0.000200327;-0.00453162;0.000753539,"[-0.00717918,0.00666177];[-0.0118041,0.00234503];[-0.00294,0.00441809]",-0.1756;-2.36;0.6787,-0.00034036585330583097,0.0015062093497365235,-0.003292536178789417,0.002611804472177755,0.0,0.0,1.6895429497262484,0.42965553408222035,-1.0718519294510789,0.2837865443039962,-0.000200327,-0.00453162,0.000753539,75.0,3,41.143625879532934,0.5123226109558869,False,False,False,False,False
a2,system.mem_used_bytes,3,3,3,wosar2026_a2_r01;wosar2026_a2_r02;wosar2026_a2_r03,3.18468e+06;1.44651e+06;1.89652e+06,"[2.56415e+06,3.7788e+06];[55588.6,2.53013e+06];[1.69778e+06,2.09854e+06]",9.466;8.082;5.601,2238895.9953798642,501971.9395397976,1255030.993881861,3222760.9968778677,619263725271.2389,87.8053350325669,16.400614574825727,0.0002745691853530215,13.364671462779523,9.726349711503816e-41,1896520.0,1446510.0,3184680.0,75.0,3,15.292179542345144,1.9841753411467783e-38,True,False,True,True,True
a2,system.swap_used_bytes,3,3,3,wosar2026_a2_r01;wosar2026_a2_r02;wosar2026_a2_r03,381679;322503;424.578,"[-7299.8,641123];[0,555706];[-2507.76,47168.3]",1.49;1.95;0.5901,201800.04992964966,144201.69547148133,-80835.27319445377,484435.37305375305,48773252507.51112,80.64266480325927,10.332000658524255,0.005707350752528352,2.3266540348526967,0.019983686127623267,322503.0,424.578,381679.0,75.0,3,59.81314182649067,0.0673100345877918,True,False,False,True,True
e1,client.drop_rate,3,0,3,wosar2026_e1_r01;wosar2026_e1_r02;wosar2026_e1_r03,0;0;0,"[0,0];[0,0];[0,0]",-0.738;0.02536;0.06428,,,,,,,,,-0.3743515474064497,0.7081427860612035,0.0,0.0,0.0,75.0,3,,1.0,False,True,False,False,False
e1,client.e2e_p50,3,3,3,wosar2026_e1_r01;wosar2026_e1_r02;wosar2026_e1_r03,-0.00279932;0.00500419;0.00218416,"[-0.0075448,0.00185254];[0.000553465,0.00937574];[-0.00242116,0.00680191]",-1.138;2.626;1.105,0.0015182034457576468,0.0022772513671948757,-0.002945209233944309,0.005981616125459603,1.0113599973628438e-05,65.01652711174036,5.71698529299301,0.057355149625189145,1.4969884189710132,0.1343962714919029,0.00218416,-0.00279932,0.00500419,75.0,3,43.86477689161173,0.2885983093089283,False,False,False,False,False
e1,client.e2e_p95,3,3,3,wosar2026_e1_r01;wosar2026_e1_r02;wosar2026_e1_r03,-0.0155872;0.0178642;0.0135866,"[-0.0387115,0.00738826];[-0.00471939,0.0403089];[-0.00930021,0.036786]",-1.757;1.934;1.157,0.005369786287759896,0.010486438913105597,-0.015183633981927073,0.025923206557446867,0.0001937674259136986,58.7368571101256,4.846940538043168,0.08861357033730524,0.7704912547416313,0.441008540645333,0.0135866,-0.0155872,0.0178642,75.0,3,153.01938050998106,0.7197259383331834,False,False,False,False,False
e1,client.e2e_p99,3,3,3,wosar2026_e1_r01;wosar2026_e1_r02;wosar2026_e1_r03,-0.0153032;0.0278536;0.0249903,"[-0.055006,0.0248756];[-0.0127085,0.0689136];[-0.0148306,0.0654935]",-1.041;1.36;1.246,0.01232174989080757,0.013987191967645939,-0.015093146365778468,0.03973664614739361,0.0001641300274368512,27.96294891465979,2.7763490729661573,0.24953039776481886,0.9035589447844562,0.36622931925473723,0.0249903,-0.0153032,0.0278536,75.0,3,102.81453707028726,0.6364456627581274,False,False,False,False,False
e1,client.tokens_per_sec,3,3,3,wosar2026_e1_r01;wosar2026_e1_r02;wosar2026_e1_r03,-0.131054;0.37931;0.136002,"[-0.451513,0.189756];[0.046398,0.705882];[-0.20068,0.470443]",-0.9011;2.598;1.008,0.12601156890345155,0.14899105187981448,-0.16601089278098485,0.41803403058788796,0.03848632961951145,57.79420002368578,4.738685207062524,0.0935422003816241,1.5620442473033003,0.11827756552949888,0.136002,-0.131054,0.37931,75.0,3,7.928185628894913,0.2647277787568163,False,False,False,False,False
e1,client.ttft_p50,3,3,3,wosar2026_e1_r01;wosar2026_e1_r02;wosar2026_e1_r03,-6.09697e-05;0.000124336;3.24348e-05,"[-0.000171723,4.94902e-05];[1.4134e-05,0.000236017];[-7.24733e-05,0.00013704]",-1.235;8.265;0.8799,3.1870475694339616e-05,5.251162106169383e-05,-7.10523015865803e-05,0.00013479325297525952,5.193837127941708e-09,62.79270990205187,5.375290688289857,0.0680409639505699,4.567081961702462,4.945606702197112e-06,3.24348e-05,-6.09697e-05,0.000124336,75.0,3,1.7706805228533637,2.460740895727343e-05,True,False,False,False,False
e1,client.ttft_p99,3,3,3,wosar2026_e1_r01;wosar2026_e1_r02;wosar2026_e1_r03,0.00023779;0.000514967;0.000201269,"[-0.000321144,0.000788984];[-5.60327e-05,0.00108069];[-0.00041484,0.000816701]",0.831;2.273;0.7671,0.0003226267396322479,0.00017026962325137338,-1.1101721940443964e-05,0.0006563552012049397,0.0,0.0,0.6789056996593804,0.7121598745778833,2.2350198868782654,0.02541604318209805,0.00023779,0.000201269,0.000514967,75.0,3,26.295631827960268,0.08101363764293754,True,False,False,True,False
e1,gpu.ecc_db_volatile,3,0,3,wosar2026_e1_r01;wosar2026_e1_r02;wosar2026_e1_r03,0;0;0,"[0,0];[0,0];[0,0]",0;0;0,,,,,,,,,0.0,1.0,0.0,0.0,0.0,75.0,3,,1.0,False,True,False,False,False
e1,gpu.ecc_sb_volatile,3,0,3,wosar2026_e1_r01;wosar2026_e1_r02;wosar2026_e1_r03,0;0;0,"[0,0];[0,0];[0,0]",0;0;0,,,,,,,,,0.0,1.0,0.0,0.0,0.0,75.0,3,,1.0,False,True,False,False,False
e1,gpu.gpu_util_percent,3,0,3,wosar2026_e1_r01;wosar2026_e1_r02;wosar2026_e1_r03,0;0;0,"[0,0];[0,0];[0,0]",0;0;0,,,,,,,,,0.0,1.0,0.0,0.0,0.0,75.0,3,,1.0,False,True,False,False,False
e1,gpu.mem_clock_mhz,3,0,3,wosar2026_e1_r01;wosar2026_e1_r02;wosar2026_e1_r03,0;0;0,"[0,0];[0,0];[0,0]",0;0;0,,,,,,,,,0.0,1.0,0.0,0.0,0.0,75.0,3,,1.0,False,True,False,False,False
e1,gpu.mem_util_percent,3,0,3,wosar2026_e1_r01;wosar2026_e1_r02;wosar2026_e1_r03,0;0;0,"[0,0];[0,0];[0,0]",-0.5453;-0.8343;0.5798,,,,,,,,,-0.4617768696535158,0.6442413397268079,0.0,0.0,0.0,75.0,3,,0.9663620095902118,False,True,False,False,False
e1,gpu.power_draw_w,3,3,3,wosar2026_e1_r01;wosar2026_e1_r02;wosar2026_e1_r03,-0.032246;0.0181473;-0.0031296,"[-0.0486169,-0.0160514];[0.00151408,0.034755];[-0.0185685,0.0125686]",-4.294;2.515;-0.6592,-0.005771309357494669,0.014361144544356538,-0.03391915266443348,0.022376533949444145,0.0005507439265961229,89.02346773574604,18.22069075962338,0.00011051653835753398,-1.4077814515282547,0.15919579439775167,-0.0031296,-0.032246,0.0181473,75.0,3,45.77313732219403,0.3247594205714134,False,False,False,False,True
e1,gpu.sm_clock_mhz,3,0,3,wosar2026_e1_r01;wosar2026_e1_r02;wosar2026_e1_r03,0;0;0,"[0,0];[0,0];[0,0]",1.547;-1.299;0.2861,,,,,,,,,0.30846727917290245,0.7577267945536841,0.0,0.0,0.0,75.0,3,,1.0,False,True,False,False,False
e1,gpu.temperature_c,3,1,3,wosar2026_e1_r01;wosar2026_e1_r02;wosar2026_e1_r03,-0.0309438;0;0,"[-0.0365186,0];[0,0];[0,0]",-3.485;1.613;-0.1492,-0.0309438,0.009315969387755101,-0.0365186,0.0,0.0,0.0,0.0,1.0,-1.1672382768249736,0.2431141571437584,0.0,-0.0309438,0.0,75.0,3,100.0,0.46788007601251613,False,True,False,False,False
e1,gpu.vram_used_bytes,3,0,3,wosar2026_e1_r01;wosar2026_e1_r02;wosar2026_e1_r03,0;0;0,"[0,0];[0,0];[0,0]",0;0;0,,,,,,,,,0.0,1.0,0.0,0.0,0.0,75.0,3,,1.0,False,True,False,False,False
e1,proc.cpu_percent,3,3,3,wosar2026_e1_r01;wosar2026_e1_r02;wosar2026_e1_r03,0.0117647;0.0192205;0,"[0.00589391,0.0173913];[0.0130719,0.0252738];[0,0.00743494]",3.184;8.602;0.6183,0.010136952177521637,0.006005861251536489,-0.0016345358754898814,0.021908440230533156,0.00010098079015443166,93.67870528119026,31.639088018610703,1.3479051434491334e-07,7.1616576983736815,7.970725025678885e-13,0.0117647,0.0,0.0192205,75.0,3,16.0575663569553,6.775116271827052e-12,True,False,False,False,True
e1,proc.involuntary_ctx_switches_rate,3,3,3,wosar2026_e1_r01;wosar2026_e1_r02;wosar2026_e1_r03,1.51974e-06;5.67276e-07;3.64438e-07,"[2.40943e-07,0.00450098];[8.58681e-08,0.00425227];[1.804e-07,7.89399e-07]",1.255;5.848;2.554,3.644380253130884e-07,1.553568847395407e-07,5.993853122358865e-08,6.689375194025881e-07,0.0,0.0,1.0474671579260612e-06,0.9999994762665582,5.575454229056142,2.4688481601601654e-08,5.67276e-07,3.64438e-07,1.51974e-06,75.0,3,55.65774167299191,1.444963755487518e-07,True,False,True,True,False
e1,proc.io_read_bytes_rate,3,0,3,wosar2026_e1_r01;wosar2026_e1_r02;wosar2026_e1_r03,0;0;0,"[0,0];[0,0];[0,0]",0;0;0,,,,,,,,,0.0,1.0,0.0,0.0,0.0,75.0,3,,1.0,False,True,False,False,False
e1,proc.io_read_count_rate,3,3,3,wosar2026_e1_r01;wosar2026_e1_r02;wosar2026_e1_r03,2.46832e-05;-0.00676652;-0.00338333,"[-0.000345992,0.0083831];[-0.0135999,-4.52339e-06];[-0.0106706,2.00026e-05]",0.6532;-1.896;-1.454,-0.0027040574541411858,0.001903678888505025,-0.006435268075611035,0.0010271531673286633,3.4290976922198605e-06,31.04978986012348,2.900643806512961,0.23449479130616951,-1.557467591719434,0.11935950922662786,-0.00338333,-0.00676652,2.46832e-05,75.0,3,25.120492348212792,0.2647277787568163,False,False,False,False,False
e1,proc.io_write_bytes_rate,3,0,3,wosar2026_e1_r01;wosar2026_e1_r02;wosar2026_e1_r03,0;0;0,"[0,0];[0,0];[0,0]",0;0;0,,,,,,,,,0.0,1.0,0.0,0.0,0.0,75.0,3,,1.0,False,True,False,False,False
e1,proc.io_write_count_rate,3,3,3,wosar2026_e1_r01;wosar2026_e1_r02;wosar2026_e1_r03,-9.90993e-05;0.27905;-0.0468626,"[-0.272808,0.272913];[-7.23154e-05,0.558177];[-0.345966,0.252213]",-0.006895;2.426;-0.4299,0.08035206805005767,0.10181142350638167,-0.11919832202245041,0.27990245812256576,0.01020115845126695,32.783098031552086,2.9754421007662835,0.22588685416025994,1.1482886883622259,0.25084940721931226,-9.90993e-05,-0.0468626,0.27905,75.0,3,100.12333136209794,0.478254944605044,False,False,False,False,False
e1,proc.num_fds,3,3,3,wosar2026_e1_r01;wosar2026_e1_r02;wosar2026_e1_r03,0;0.0226415;0,"[-0.0286807,0];[0,0.0480384];[0,0.0339367]",-0.7943;2.392;1.091,0.004732317903753001,0.006213536338610614,-0.007446213319923803,0.016910849127429805,3.454037219364988e-05,29.226783357545628,2.8259277942727703,0.243420738878029,1.5519059765763303,0.12068472266854861,0.0,0.0,0.0226415,75.0,3,100.0,0.2647277787568163,False,False,False,False,False
e1,proc.num_threads,3,0,3,wosar2026_e1_r01;wosar2026_e1_r02;wosar2026_e1_r03,0;0;0,"[0,0];[0,0];[0,0]",0;0;0,,,,,,,,,0.0,1.0,0.0,0.0,0.0,75.0,3,,1.0,False,True,False,False,False
e1,proc.pss_bytes,3,3,3,wosar2026_e1_r01;wosar2026_e1_r02;wosar2026_e1_r03,6973.89;1762.98;4967.03,"[1507.73,22341.8];[738.018,23795.5];[844.536,23527.2]",5.781;4.594;3.596,4738.0690561717,3258.6686497830215,-1648.921497403022,11125.059609746422,0.0,0.0,0.4343631379892633,0.8047838322471067,8.066033593789042,7.261883584757025e-16,4967.03,1762.98,6973.89,75.0,3,4.832368230894827,1.534359698599257e-14,True,False,False,True,False
e1,proc.rss_bytes,3,3,3,wosar2026_e1_r01;wosar2026_e1_r02;wosar2026_e1_r03,6957.82;1755.43;4958.32,"[1495.5,22341.8];[738.018,23795.5];[833.791,23500.1]",5.762;4.591;3.591,4726.070469506164,3258.641143341906,-1660.8661714439722,11113.0071104563,0.0,0.0,0.43279550306520254,0.8054148831500321,8.050087179354023,8.273508178721484e-16,4958.32,1755.43,6957.82,75.0,3,4.914220640432047,1.534359698599257e-14,True,False,False,True,False
e1,proc.uss_bytes,3,3,3,wosar2026_e1_r01;wosar2026_e1_r02;wosar2026_e1_r03,6957.82;1755.43;4958.32,"[1495.5,22341.8];[738.018,23795.5];[833.791,23500.1]",5.762;4.591;3.591,4726.070469506164,3258.641143341906,-1660.8661714439722,11113.0071104563,0.0,0.0,0.43279550306520254,0.8054148831500321,8.050087179354023,8.273508178721484e-16,4958.32,1755.43,6957.82,75.0,3,4.914220640432047,1.534359698599257e-14,True,False,False,True,False
e1,proc.vms_bytes,3,0,3,wosar2026_e1_r01;wosar2026_e1_r02;wosar2026_e1_r03,0;0;0,"[0,0];[0,0];[0,0]",1.846;1.772;1.85,,,,,,,,,3.1570782889880955,0.0015935855490200647,0.0,0.0,0.0,75.0,3,,0.0060202120740758,True,True,False,False,False
e1,proc.voluntary_ctx_switches_rate,3,3,3,wosar2026_e1_r01;wosar2026_e1_r02;wosar2026_e1_r03,5.63965e-05;-0.008584;-0.00758096,"[-0.000775739,0.0100927];[-0.0162531,-1.70794e-05];[-0.0153118,-5.12481e-06]",0.8311;-2.023;-1.897,-0.004735197243912554,0.0029848229674020736,-0.01058545026002062,0.00111505577219551,1.403600128484103e-05,52.42471060059868,4.203863024793639,0.12222013042329855,-1.783255425593036,0.07454473378979462,-0.00758096,-0.008584,5.63965e-05,75.0,3,60.098082709139184,0.1909762372531018,False,False,False,False,False
e1,system.cpu_percent_total,3,3,3,wosar2026_e1_r01;wosar2026_e1_r02;wosar2026_e1_r03,0.00230238;0.00590551;0.00380711,"[0,0.00486224];[0.00167879,0.0100671];[0,0.00639659]",2.448;4.67;2.817,0.0034473083978260664,0.0009568438630862783,0.001571894426176961,0.005322722369475172,2.8715937074102696e-07,9.751612170325902,2.216106069146191,0.3302012260094553,5.735801719318175,9.705215024061374e-09,0.00380711,0.00230238,0.00590551,75.0,3,10.437174765124892,6.386657628737163e-08,True,False,True,True,False
e1,system.fd_allocated,3,3,3,wosar2026_e1_r01;wosar2026_e1_r02;wosar2026_e1_r03,-0.567285;-0.16055;0.234172,"[-1.15909,0];[-0.803571,0.480549];[-0.525346,0.984227]",-1.699;-0.5701;1.178,-0.21404668440992866,0.22734275549463934,-0.6596384851794218,0.23154511635956446,0.04454419493387359,28.538970534731224,2.798728222872905,0.24675382199761894,-0.6295646728345972,0.5289794430258948,-0.16055,-0.567285,0.234172,75.0,3,24.99299840004772,0.8113669652427259,False,False,False,False,False
e1,system.load_avg_1m,3,3,3,wosar2026_e1_r01;wosar2026_e1_r02;wosar2026_e1_r03,-0.00807965;0.00845364;0.00077888,"[-0.022293,0.0061556];[-0.0166981,0.033606];[-0.0139078,0.015522]",-1.928;1.527;0.1304,-0.0020619375241891507,0.0048336259718043985,-0.011535844428925772,0.007411969380547471,0.0,0.0,1.5022224698647038,0.4718419340680172,-0.15646885115361883,0.8756634699870955,0.00077888,-0.00807965,0.00845364,75.0,3,137.77418039405885,1.0,False,False,False,False,False
e1,system.mem_used_bytes,3,3,3,wosar2026_e1_r01;wosar2026_e1_r02;wosar2026_e1_r03,4.14568e+07;1.40599e+07;1.47668e+07,"[2.65288e+07,5.29731e+07];[1.14819e+07,1.65676e+07];[1.25155e+07,1.66362e+07]",4.646;4.402;4.522,18062038.309249684,2938514.111108844,12302550.65147635,23821525.96702302,18569458540111.562,87.44659241920945,15.931929136599013,0.0003470767682627439,7.834516135844002,4.70651633413417e-15,14766800.0,14059900.0,41456800.0,75.0,3,18.244000222068912,6.873389920939307e-14,True,False,True,True,True
e1,system.swap_used_bytes,3,3,3,wosar2026_e1_r01;wosar2026_e1_r02;wosar2026_e1_r03,47427.4;16072.3;334152,"[0,3.91186e+06];[-71001,117975];[76839.7,453595]",2.538;0.8353;3.97,160330.5709490018,147045.52442693163,-127878.65692778418,448539.79882578773,38656138951.644485,77.14852641791595,8.752170807785605,0.012574486436214186,4.239360051052085,2.241578862231682e-05,47427.4,16072.3,334152.0,75.0,3,70.418991388058,9.94091495424485e-05,True,False,False,True,True
e2,client.drop_rate,3,0,3,wosar2026_e2_r01;wosar2026_e2_r02;wosar2026_e2_r03,0;0;0,"[0,0];[0,0];[0,0]",-1.613;0.3468;0.5726,,,,,,,,,-0.40066953981221654,0.6886634398049067,0.0,0.0,0.0,75.0,3,,1.0,False,True,False,False,False
e2,client.e2e_p50,3,3,3,wosar2026_e2_r01;wosar2026_e2_r02;wosar2026_e2_r03,-0.00290125;0.00274296;0.00647021,"[-0.00879053,0.0029652];[-0.00281221,0.00836448];[0.000749028,0.0121891]",-0.8757;1.333;2.561,0.0021438692384438494,0.0026865020752103916,-0.0031216748289685185,0.007409413305856217,1.311104878900965e-05,60.55819584114827,5.070761955880636,0.07923152804963866,1.74256493332109,0.08140963984651325,0.00274296,-0.00290125,0.00647021,75.0,3,27.94437043142646,0.20253129913035003,False,False,False,False,False
e2,client.e2e_p95,3,3,3,wosar2026_e2_r01;wosar2026_e2_r02;wosar2026_e2_r03,-0.0344083;0.0120939;0.0267997,"[-0.0626333,-0.00654544];[-0.0172243,0.0416338];[-0.00247687,0.0558006]",-2.023;0.8087;1.962,0.0012930856026361845,0.01870470035626698,-0.035368127095647094,0.03795429830091946,0.0008326113967373563,79.33481450090795,9.678112979377191,0.007914517959207144,0.43127141348034337,0.6662710334592117,0.0120939,-0.0344083,0.0267997,75.0,3,835.2745073755702,0.9849223972875303,False,False,False,False,True
e2,client.e2e_p99,3,3,3,wosar2026_e2_r01;wosar2026_e2_r02;wosar2026_e2_r03,-0.0456485;0.0144714;0.0427741,"[-0.0951687,0.0041782];[-0.0368105,0.0655061];[-0.00680408,0.0925322]",-1.713;0.4764;1.907,0.0038005938610229557,0.02630711984538851,-0.04776136103593852,0.05536254875798444,0.0014211125336721618,68.45115248817113,6.339375786231567,0.04201670956152602,0.38726288921136415,0.6985615963169396,0.0144714,-0.0456485,0.0427741,75.0,3,280.7668098507354,1.0,False,False,False,False,False
e2,client.tokens_per_sec,3,0,3,wosar2026_e2_r01;wosar2026_e2_r02;wosar2026_e2_r03,0;0;0,"[0,0];[0,0];[0,0]",0;0;0,,,,,,,,,0.0,1.0,0.0,0.0,0.0,75.0,3,,1.0,False,True,False,False,False
e2,client.ttft_p50,3,3,3,wosar2026_e2_r01;wosar2026_e2_r02;wosar2026_e2_r03,7.29109e-08;3.96813e-08;-1.74879e-07,"[3.22915e-08,1.13438e-07];[-8.09113e-09,8.95386e-08];[-2.20981e-07,-1.30283e-07]",0.9744;2.937;-2.22,-2.0672810669799828e-08,7.839956594514915e-08,-1.7433595992229216e-07,1.3299033858269253e-07,1.791176498901984e-14,97.16710142275357,70.59906824987716,4.673121963376816e-16,0.9763957226946117,0.32886840031838827,3.96813e-08,-1.74879e-07,7.29109e-08,75.0,3,291.94922564626876,0.5783547729737173,False,False,False,False,True
e2,client.ttft_p99,3,3,3,wosar2026_e2_r01;wosar2026_e2_r02;wosar2026_e2_r03,-5.649e-08;-1.74157e-10;-8.68382e-07,"[-3.11024e-07,1.92259e-07];[-1.89049e-07,1.86469e-07];[-1.1266e-06,-6.24427e-07]",-0.2245;-0.002176;-2.858,-3.04968999571762e-07,2.711338309120436e-07,-8.363913081593674e-07,2.2645330901584344e-07,2.0657072395738149e-13,93.82087205055365,32.367026809651996,9.366760815766243e-08,-1.7811212676434849,0.07489264206003993,-5.649e-08,-8.68382e-07,-1.74157e-10,75.0,3,81.47680581327172,0.1909762372531018,False,False,False,True,True
e2,gpu.ecc_db_volatile,3,0,3,wosar2026_e2_r01;wosar2026_e2_r02;wosar2026_e2_r03,0;0;0,"[0,0];[0,0];[0,0]",0;0;0,,,,,,,,,0.0,1.0,0.0,0.0,0.0,75.0,3,,1.0,False,True,False,False,False
e2,gpu.ecc_sb_volatile,3,0,3,wosar2026_e2_r01;wosar2026_e2_r02;wosar2026_e2_r03,0;0;0,"[0,0];[0,0];[0,0]",0;0;0,,,,,,,,,0.0,1.0,0.0,0.0,0.0,75.0,3,,1.0,False,True,False,False,False
e2,gpu.gpu_util_percent,3,0,3,wosar2026_e2_r01;wosar2026_e2_r02;wosar2026_e2_r03,0;0;0,"[0,0];[0,0];[0,0]",-0.3773;-2.815;-3.02,,,,,,,,,-3.586637281570022,0.00033496975142316714,0.0,0.0,0.0,75.0,3,,0.0013666765858065218,True,True,False,False,False
e2,gpu.mem_clock_mhz,3,0,3,wosar2026_e2_r01;wosar2026_e2_r02;wosar2026_e2_r03,0;0;0,"[0,0];[0,0];[0,0]",0;0;0,,,,,,,,,0.0,1.0,0.0,0.0,0.0,75.0,3,,1.0,False,True,False,False,False
e2,gpu.mem_util_percent,3,0,3,wosar2026_e2_r01;wosar2026_e2_r02;wosar2026_e2_r03,0;0;0,"[0,0];[0,0];[0,0]",-1.335;-2.42;-2.933,,,,,,,,,-3.8613243738429093,0.00011277406258225682,0.0,0.0,0.0,75.0,3,,0.00046950834217919166,True,True,False,False,False
e2,gpu.power_draw_w,3,3,3,wosar2026_e2_r01;wosar2026_e2_r02;wosar2026_e2_r03,-0.0481374;0.00818783;-0.00847723,"[-0.0621935,-0.034186];[-0.00519062,0.0216129];[-0.022314,0.00539761]",-5.628;0.9844;-1.419,-0.016097152916882934,0.016665964464730065,-0.04876244326775386,0.016568137433987995,0.0007840085155998186,94.09231541457265,33.854210919341455,4.4529877896327935e-08,-3.5001617582508007,0.00046497591072502557,-0.00847723,-0.0481374,0.00818783,75.0,3,47.33708473932086,0.0018241362651520235,True,False,False,False,True
e2,gpu.sm_clock_mhz,3,0,3,wosar2026_e2_r01;wosar2026_e2_r02;wosar2026_e2_r03,0;0;0,"[0,0];[0,0];[0,0]",-0.2615;0.3574;0.4819,,,,,,,,,0.33364436971172373,0.7386479327118854,0.0,0.0,0.0,75.0,3,,1.0,False,True,False,False,False
e2,gpu.temperature_c,3,1,3,wosar2026_e2_r01;wosar2026_e2_r02;wosar2026_e2_r03,-0.031679;0;0,"[-0.0387347,0];[0,0];[0,0]",-3.38;1.123;-0.4972,-0.031679,0.009881301020408163,-0.0387347,0.0,0.0,0.0,0.0,1.0,-1.590603455719034,0.11169884628743207,0.0,-0.031679,0.0,75.0,3,100.0,0.2589382345754107,False,True,False,False,False
e2,gpu.vram_used_bytes,3,1,3,wosar2026_e2_r01;wosar2026_e2_r02;wosar2026_e2_r03,0;2.08075e+07;0,"[0,0];[0,3.4391e+07];[0,0]",1.732;2.732;1.734,20807500.0,8773214.285714285,0.0,34391000.0,0.0,0.0,0.0,1.0,3.578145613810782,0.00034604065820551704,0.0,0.0,20807500.0,75.0,3,100.0,0.0013841626328220682,True,True,False,False,False
e2,proc.cpu_percent,3,3,3,wosar2026_e2_r01;wosar2026_e2_r02;wosar2026_e2_r03,-0.00379027;0.00669643;0.00920245,"[-0.0145867,0.00417827];[-9.18805e-16,0.0184615];[0,0.0198675]",-0.8718;1.514;2.051,0.00395293686199559,0.003975800425594427,-0.003839631972169486,0.011745505696160667,2.3874049267073198e-05,50.34614678504453,4.027884787393722,0.13346147845268697,1.554907620625847,0.11996807217080034,0.00669643,-0.00379027,0.00920245,75.0,3,69.4039200165568,0.2647277787568163,False,False,False,False,False
e2,proc.involuntary_ctx_switches_rate,3,0,3,wosar2026_e2_r01;wosar2026_e2_r02;wosar2026_e2_r03,0;0;0,"[0,0];[0,0];[0,0]",0.028;-1.07;-1.43,,,,,,,,,-1.427192660398733,0.15352436949754492,0.0,0.0,0.0,75.0,3,,0.31635324623736527,False,True,False,False,False
e2,proc.io_read_bytes_rate,3,0,3,wosar2026_e2_r01;wosar2026_e2_r02;wosar2026_e2_r03,0;0;0,"[0,0];[0,0];[0,0]",0;0;0,,,,,,,,,0.0,1.0,0.0,0.0,0.0,75.0,3,,1.0,False,True,False,False,False
e2,proc.io_read_count_rate,3,3,3,wosar2026_e2_r01;wosar2026_e2_r02;wosar2026_e2_r03,1.67455e-05;-0.00669703;-0.0119609,"[-0.00595808,0.0110689];[-0.0158639,8.70036e-06];[-0.0208744,-5.48702e-05]",0.6636;-1.724;-4.53,-0.005762135106949981,0.0032943892643221588,-0.012219138065021413,0.0006948678511214503,1.2118827653006085e-05,37.101421640667496,3.1797221052822926,0.20395394862798918,-3.2276651328992187,0.0012480498208085292,-0.00669703,-0.0119609,1.67455e-05,75.0,3,16.224799934357637,0.004803814404621509,True,False,False,False,False
e2,proc.io_write_bytes_rate,3,0,3,wosar2026_e2_r01;wosar2026_e2_r02;wosar2026_e2_r03,0;0;0,"[0,0];[0,0];[0,0]",0;0;0,,,,,,,,,0.0,1.0,0.0,0.0,0.0,75.0,3,,1.0,False,True,False,False,False
e2,proc.io_write_count_rate,3,3,3,wosar2026_e2_r01;wosar2026_e2_r02;wosar2026_e2_r03,1.55097e-05;-0.00610201;-0.011873,"[-0.00615081,0.0109952];[-0.015398,1.35652e-05];[-0.0207844,-4.90289e-05]",0.6447;-1.638;-3.907,-0.005529875825115056,0.0032020827375868195,-0.011805957990785224,0.0007462063405551103,1.0723373083525635e-05,34.68399967558975,3.0620368517154124,0.21631525404963262,-2.829011122876744,0.004669207614479849,-0.00610201,-0.011873,1.55097e-05,75.0,3,10.346239101545097,0.017009256309890877,True,False,False,False,False
e2,proc.num_fds,3,0,3,wosar2026_e2_r01;wosar2026_e2_r02;wosar2026_e2_r03,0;0;0,"[0,0];[0,0];[0,0]",0;0;0,,,,,,,,,0.0,1.0,0.0,0.0,0.0,75.0,3,,1.0,False,True,False,False,False
e2,proc.num_threads,3,0,3,wosar2026_e2_r01;wosar2026_e2_r02;wosar2026_e2_r03,0;0;0,"[0,0];[0,0];[0,0]",0;0;0,,,,,,,,,0.0,1.0,0.0,0.0,0.0,75.0,3,,1.0,False,True,False,False,False
e2,proc.pss_bytes,3,3,3,wosar2026_e2_r01;wosar2026_e2_r02;wosar2026_e2_r03,20517.6;159426;64507.9,"[11841.2,30256.9];[36881.2,229721];[37351.2,83858.2]",5.139;3.887;5.447,60125.80787921416,24251.504462890694,12592.859131948397,107658.75662647992,1317069617.488375,89.54582756477609,19.131117382962557,7.010203800784061e-05,8.356215612586437,6.476229427429054e-17,64507.9,20517.6,159426.0,75.0,3,7.288204974457825,2.203775622249527e-15,True,False,True,True,True
e2,proc.rss_bytes,3,3,3,wosar2026_e2_r01;wosar2026_e2_r02;wosar2026_e2_r03,21736;161421;68452.7,"[12858.7,31611];[40282.5,231396];[38046.5,88774.5]",5.318;3.937;5.73,64080.83423363848,25752.19590805723,13606.530253846307,114555.13821343065,1507502383.0653944,89.45377014906639,18.964122992473442,7.620667533883573e-05,8.651790082898067,5.069783479712636e-18,68452.7,21736.0,161421.0,75.0,3,6.822423301203773,2.5855895746534445e-16,True,False,True,True,True
e2,proc.uss_bytes,3,3,3,wosar2026_e2_r01;wosar2026_e2_r02;wosar2026_e2_r03,19071;157246;60004.7,"[10915.7,29028.5];[33244.4,228055];[35108.6,78882.7]",4.848;3.833;5.166,55746.9777473707,22818.711216054264,11022.303763904347,100471.65173083705,1145763673.3591208,89.18698064430477,18.496221399498353,9.629340747094785e-05,7.994430613404143,1.3017404379340502e-15,60004.7,19071.0,157246.0,75.0,3,7.63758399948437,2.2129587444878857e-14,True,False,True,True,True
e2,proc.vms_bytes,3,2,3,wosar2026_e2_r01;wosar2026_e2_r02;wosar2026_e2_r03,0;37763.8;35246.3,"[0,0];[0,90655];[0,59185.9]",-1.489;2.434;2.669,35998.66783018595,12642.59030482473,11219.19083272948,60778.14482764242,0.0,0.0,0.008308742866087133,0.9273715715152425,2.0864976848297725,0.03693356470049658,35246.3,0.0,37763.8,75.0,3,2.0899879788192175,0.11080069410148974,False,True,False,False,False
e2,proc.voluntary_ctx_switches_rate,3,3,3,wosar2026_e2_r01;wosar2026_e2_r02;wosar2026_e2_r03,1.17592e-06;2.4117e-06;2.90353e-07,"[-2.57102e-06,0.00298523];[-1.52218e-06,0.00396223];[-5.10779e-06,1.05983e-05]",0.8005;1.281;0.2366,2.904107755907234e-07,4.006568802548982e-06,-7.562464077405281e-06,8.143285628586727e-06,0.0,0.0,5.751039518538341e-06,0.999997124484375,1.338101624890028,0.18086331116466048,1.17592e-06,2.90353e-07,2.4117e-06,75.0,3,304.9161046479993,0.3653080740355519,False,False,False,True,False
e2,system.cpu_percent_total,3,3,3,wosar2026_e2_r01;wosar2026_e2_r02;wosar2026_e2_r03,0.00233645;0.00545785;0.00350058,"[0,0.00495868];[0,0.00958466];[0,0.0060241]",2.55;4.494;2.699,0.0031714379247808375,0.000906976360062312,0.001393764259058706,0.0049491115905029685,0.0,0.0,1.3560209509848618,0.50762592260077,5.62496201463915,1.8554879988879498e-08,0.00350058,0.00233645,0.00545785,75.0,3,10.378323114803138,1.1470289447670962e-07,True,False,True,True,False
e2,system.fd_allocated,3,3,3,wosar2026_e2_r01;wosar2026_e2_r02;wosar2026_e2_r03,-0.585731;-0.141129;0.222222,"[-1.19639,0];[-0.761763,0.479616];[-0.516746,0.954712]",-1.786;-0.4877;1.144,-0.20515894821817204,0.22904085475609673,-0.6540790235401217,0.24376112710377756,0.04848637730186836,30.697809240195873,2.8859116545562618,0.23622847513987905,-0.6519231393592346,0.5144507567659562,-0.141129,-0.585731,0.222222,75.0,3,31.20992224530256,0.8071637112409019,False,False,False,False,False
e2,system.load_avg_1m,3,3,3,wosar2026_e2_r01;wosar2026_e2_r02;wosar2026_e2_r03,-0.00802121;0.00922859;0.000959505,"[-0.0222276,0.0062436];[-0.0156948,0.0341541];[-0.0137338,0.0157149]",-2.073;1.766;0.156,-0.0018195480300146282,0.004830325378555478,-0.011286985771983366,0.007647889711954108,0.0,0.0,1.6207417464521692,0.44469311086742447,-0.0876983511893658,0.9301164301361977,0.000959505,-0.00802121,0.00922859,75.0,3,152.73315044023795,1.0,False,False,False,False,False
e2,system.mem_used_bytes,3,3,3,wosar2026_e2_r01;wosar2026_e2_r02;wosar2026_e2_r03,4.14629e+07;1.40202e+07;1.47385e+07,"[2.65399e+07,5.29824e+07];[1.26907e+07,1.51817e+07];[1.43916e+07,1.50839e+07]",4.646;4.39;4.518,15318176.184791427,1286484.8785076845,12796665.822916366,17839686.546666488,3219084109150.0815,88.18834535987848,16.932428698062783,0.00021046012577518843,7.825561433168868,5.053963177161255e-15,14738500.0,14020200.0,41462900.0,75.0,3,3.784237612875583,6.873389920939307e-14,True,False,True,True,True
e2,system.swap_used_bytes,3,3,3,wosar2026_e2_r01;wosar2026_e2_r02;wosar2026_e2_r03,47427.4;16120.2;334797,"[0,3.91186e+06];[-70812.2,118338];[207708,419674]",2.537;0.8398;3.985,171607.75219192827,153166.2596877927,-128598.11679614545,471813.621180002,45377071510.6518,89.66291829375132,19.347820369756935,6.290340986238743e-05,4.250773688523695,2.130333409871794e-05,47427.4,16120.2,334797.0,75.0,3,72.36290354356684,9.657511458085465e-05,True,False,False,True,True
e3,client.drop_rate,3,0,3,wosar2026_e3_r01;wosar2026_e3_r02;wosar2026_e3_r03,0;0;0,"[0,0];[0,0];[0,0]",-0.4424;-1.565;1.592,,,,,,,,,-0.2399052026558269,0.8104037474916465,0.0,0.0,0.0,75.0,3,,1.0,False,True,False,False,False
e3,client.e2e_p50,3,3,3,wosar2026_e3_r01;wosar2026_e3_r02;wosar2026_e3_r03,-0.173734;-0.165121;0.831735,"[-1.35481,1.01843];[-1.32078,0.999453];[-0.611102,2.24584]",-0.666;-0.9086;4.283,0.08312537569237279,0.3659962900549526,-0.6342273528153343,0.8004781042000798,0.0,0.0,1.4109737268591518,0.4938680694123537,1.5636989331747977,0.11788828841282366,-0.165121,-0.173734,0.831735,75.0,3,298.6409067323479,0.2647277787568163,False,False,False,False,False
e3,client.e2e_p95,3,3,3,wosar2026_e3_r01;wosar2026_e3_r02;wosar2026_e3_r03,-0.179781;-0.146471;0.851896,"[-1.37837,1.01798];[-1.31064,1.0264];[-0.602397,2.27138]",-0.7097;-0.8063;4.409,0.0941382032892488,0.36885503947544324,-0.6288176740826199,0.8170940806611175,0.0,0.0,1.4320395877199452,0.48869349097281467,1.6700664826686793,0.09490621067748693,-0.146471,-0.179781,0.851896,75.0,3,255.59145477841085,0.23268789948900231,False,False,False,False,False
e3,client.e2e_p99,3,3,3,wosar2026_e3_r01;wosar2026_e3_r02;wosar2026_e3_r03,-0.175998;-0.142347;0.853138,"[-1.36252,1.01088];[-1.2977,1.01841];[-0.589771,2.26046]",-0.6815;-0.7769;4.299,0.0969895858583173,0.3655392522673219,-0.6194673485856337,0.8134465203022683,0.0,0.0,1.4488751400863165,0.4845970442187201,1.6400656306307784,0.10099152161805706,-0.142347,-0.175998,0.853138,75.0,3,246.76524158783496,0.23680770586303035,False,False,False,False,False
e3,client.tokens_per_sec,3,3,3,wosar2026_e3_r01;wosar2026_e3_r02;wosar2026_e3_r03,0.00312581;0.0117832;0.00148588,"[-0.0734633,0.0791557];[-0.0614035,0.0845649];[-0.071535,0.0756303]",0.09729;0.5153;0.04582,0.005556003167610719,0.021871707071393874,-0.037312542692321274,0.048424549027542715,0.0,0.0,0.04361650329730466,0.9784278289883424,0.38013578881335286,0.7038446206627926,0.00312581,0.00148588,0.0117832,75.0,3,43.73995288155657,1.0,False,False,False,True,False
e3,client.ttft_p50,3,3,3,wosar2026_e3_r01;wosar2026_e3_r02;wosar2026_e3_r03,-0.152417;-0.154703;0.827658,"[-1.29753,0.996746];[-1.28162,0.981667];[-0.595708,2.22323]",-0.6289;-0.8104;3.467,0.08805119401910476,0.35685004720523295,-0.6113748985031517,0.7874772865413613,0.0,0.0,1.403384783838191,0.4957455975925473,1.170479521236204,0.24180805063838406,-0.152417,-0.154703,0.827658,75.0,3,273.100435147909,0.46788007601251613,False,False,False,False,False
e3,client.ttft_p99,3,3,3,wosar2026_e3_r01;wosar2026_e3_r02;wosar2026_e3_r03,-0.167565;-0.14475;0.861506,"[-1.31027,0.976134];[-1.2629,0.982744];[-0.522131,2.21246]",-0.6775;-0.7159;4.252,0.10404511780389239,0.35264078239239666,-0.5871308156852051,0.7952210512929898,0.0,0.0,1.5844470473028562,0.4528367817322593,1.650323412863471,0.09887680613034627,-0.14475,-0.167565,0.861506,75.0,3,239.12233755439584,0.2345449819836121,False,False,False,False,False
e3,gpu.ecc_db_volatile,3,0,3,wosar2026_e3_r01;wosar2026_e3_r02;wosar2026_e3_r03,0;0;0,"[0,0];[0,0];[0,0]",0;0;0,,,,,,,,,0.0,1.0,0.0,0.0,0.0,75.0,3,,1.0,False,True,False,False,False
e3,gpu.ecc_sb_volatile,3,0,3,wosar2026_e3_r01;wosar2026_e3_r02;wosar2026_e3_r03,0;0;0,"[0,0];[0,0];[0,0]",0;0;0,,,,,,,,,0.0,1.0,0.0,0.0,0.0,75.0,3,,1.0,False,True,False,False,False
e3,gpu.gpu_util_percent,3,0,3,wosar2026_e3_r01;wosar2026_e3_r02;wosar2026_e3_r03,0;0;0,"[0,0];[0,0];[0,0]",-3.072;-2.121;-2.67,,,,,,,,,-4.539670525621876,5.634219821205939e-06,0.0,0.0,0.0,75.0,3,,2.7366210560143135e-05,True,True,False,False,False
e3,gpu.mem_clock_mhz,3,0,3,wosar2026_e3_r01;wosar2026_e3_r02;wosar2026_e3_r03,0;0;0,"[0,0];[0,0];[0,0]",0;0;0,,,,,,,,,0.0,1.0,0.0,0.0,0.0,75.0,3,,1.0,False,True,False,False,False
e3,gpu.mem_util_percent,3,0,3,wosar2026_e3_r01;wosar2026_e3_r02;wosar2026_e3_r03,0;0;0,"[0,0];[0,0];[0,0]",-1.88;-2.083;-3.442,,,,,,,,,-4.275140179284573,1.910170704529722e-05,0.0,0.0,0.0,75.0,3,,8.856245993728712e-05,True,True,False,False,False
e3,gpu.power_draw_w,3,3,3,wosar2026_e3_r01;wosar2026_e3_r02;wosar2026_e3_r03,-0.0569899;-0.0048764;-0.0118176,"[-0.0715456,-0.0426603];[-0.0185325,0.00888649];[-0.0261006,0.00239617]",-8.054;-0.6828;-1.699,-0.024508728662657013,0.01620763558288662,-0.05627569440511478,0.007258237079800757,0.0007360457075946101,93.40451629282776,30.32378046548895,2.6018049565079313e-07,-6.025139074671748,1.6896427031693618e-09,-0.0118176,-0.0569899,-0.0048764,75.0,3,51.78207665252742,1.188576246367413e-08,True,False,False,True,True
e3,gpu.sm_clock_mhz,3,0,3,wosar2026_e3_r01;wosar2026_e3_r02;wosar2026_e3_r03,0;0;0,"[0,0];[0,0];[0,0]",0;0;0,,,,,,,,,0.0,1.0,0.0,0.0,0.0,75.0,3,,1.0,False,True,False,False,False
e3,gpu.temperature_c,3,1,3,wosar2026_e3_r01;wosar2026_e3_r02;wosar2026_e3_r03,-0.0373832;0;0,"[-0.0434153,0];[0,0];[0,0]",-3.172;0.3566;-0.4906,-0.0373832,0.011075331632653061,-0.0434153,0.0,0.0,0.0,0.0,1.0,-1.9085138758948024,0.05632483147177814,0.0,-0.0373832,0.0,75.0,3,100.0,0.15118770552950975,False,True,False,False,False
e3,gpu.vram_used_bytes,3,1,3,wosar2026_e3_r01;wosar2026_e3_r02;wosar2026_e3_r03,0;4.99721e+07;0,"[0,0];[0,7.23734e+07];[0,0]",1.737;5;1.779,49972100.0,18462602.040816326,0.0,72373400.0,0.0,0.0,0.0,1.0,4.91719409314228,8.77934957067807e-07,0.0,0.0,49972100.0,75.0,3,100.0,4.713124506364016e-06,True,True,False,False,False
e3,proc.cpu_percent,3,0,3,wosar2026_e3_r01;wosar2026_e3_r02;wosar2026_e3_r03,0;0;0,"[0,0];[0,0];[0,0]",2.639;2.338;2.948,,,,,,,,,4.575437374798173,4.752261112656284e-06,0.0,0.0,0.0,75.0,3,,2.423653167454705e-05,True,True,False,False,False
e3,proc.involuntary_ctx_switches_rate,3,0,3,wosar2026_e3_r01;wosar2026_e3_r02;wosar2026_e3_r03,0;0;0,"[0,0];[0,0];[0,0]",-1.542;1.557;-1.328,,,,,,,,,-0.7577780018140758,0.44858389376714647,0.0,0.0,0.0,75.0,3,,0.7217238051267177,False,True,False,False,False
e3,proc.io_read_bytes_rate,3,0,3,wosar2026_e3_r01;wosar2026_e3_r02;wosar2026_e3_r03,0;0;0,"[0,0];[0,0];[0,0]",0;0;0,,,,,,,,,0.0,1.0,0.0,0.0,0.0,75.0,3,,1.0,False,True,False,False,False
e3,proc.io_read_count_rate,3,3,3,wosar2026_e3_r01;wosar2026_e3_r02;wosar2026_e3_r03,-2.72241e-06;7.38046e-06;-1.36389e-05,"[-0.0095256,0.00862141];[-0.00810616,0.010602];[-0.0108619,0.00740536]",-0.1197;0.1871;-0.5117,-3.1552798234100066e-06,0.002705510557130929,-0.00530595597180003,0.005299645412153211,0.0,0.0,9.943367474825244e-06,0.9999950283286214,-0.25653693186037235,0.7975362668043855,-2.72241e-06,-1.36389e-05,7.38046e-06,75.0,3,13.718904428013337,1.0,False,False,False,False,False
e3,proc.io_write_bytes_rate,3,0,3,wosar2026_e3_r01;wosar2026_e3_r02;wosar2026_e3_r03,0;0;0,"[0,0];[0,0];[0,0]",0;0;0,,,,,,,,,0.0,1.0,0.0,0.0,0.0,75.0,3,,1.0,False,True,False,False,False
e3,proc.io_write_count_rate,3,3,3,wosar2026_e3_r01;wosar2026_e3_r02;wosar2026_e3_r03,-0.00522852;0.00904336;0.0117582,"[-0.031472,0.0186312];[-0.0162214,0.0360308];[-0.0124153,0.0373318]",-0.5943;0.7292;1.424,0.005117387679371944,0.007462147574927121,-0.009508421567485215,0.0197431969262291,0.0,0.0,1.0157831329595597,0.6017630195070676,0.8999626299576742,0.36814013826205405,0.00904336,-0.00522852,0.0117582,75.0,3,76.7182900067069,0.6364456627581274,False,False,False,False,False
e3,proc.num_fds,3,3,3,wosar2026_e3_r01;wosar2026_e3_r02;wosar2026_e3_r03,0;0;0,"[-0.0368098,0];[-0.0596125,0];[-0.0249377,0.0940439]",-0.9294;-1.677;1.492,0.0,0.007726578631753647,-0.015144094118237148,0.015144094118237148,0.0,0.0,0.0,1.0,-0.6432767417278508,0.5200445451929214,0.0,0.0,0.0,75.0,3,,0.8071637112409019,False,False,False,False,False
e3,proc.num_threads,3,0,3,wosar2026_e3_r01;wosar2026_e3_r02;wosar2026_e3_r03,0;0;0,"[0,0];[0,0];[0,0]",-0.8565;1.427;1.351,,,,,,,,,1.108873360762325,0.2674848173153106,0.0,0.0,0.0,75.0,3,,0.4915937183092195,False,True,False,False,False
e3,proc.pss_bytes,3,3,3,wosar2026_e3_r01;wosar2026_e3_r02;wosar2026_e3_r03,10977.8;31082.6;30093.1,"[4931.64,19830];[21389.4,88010.5];[17090.8,56062]",3.464;5.432;5.52,19935.21649620664,7718.613061854368,4806.73489497208,35063.6980974412,96002952.51553485,53.06330963163566,4.261058852475065,0.11877439492268785,8.32303529261611,8.573890387351962e-17,30093.1,10977.8,31082.6,75.0,3,50.95446796740955,2.203775622249527e-15,True,False,True,True,False
e3,proc.rss_bytes,3,3,3,wosar2026_e3_r01;wosar2026_e3_r02;wosar2026_e3_r03,10976.9;31080.2;30093.1,"[4874.15,20107.6];[21392.6,88027.3];[17090.8,56179.4]",3.464;5.433;5.517,19927.799974621692,7706.137774264128,4823.769937064002,35031.83001217938,94920336.40202427,52.53961239665777,4.214040594685656,0.12159975827248096,8.322094211677332,8.642257342155007e-17,30093.1,10976.9,31080.2,75.0,3,51.010648633185525,2.203775622249527e-15,True,False,True,True,False
e3,proc.uss_bytes,3,3,3,wosar2026_e3_r01;wosar2026_e3_r02;wosar2026_e3_r03,10977.4;31082;30093.1,"[4972.02,19530.6];[21388.3,87944.2];[17089.3,55935.7]",3.464;5.433;5.52,19945.501730241554,7731.692282290323,4791.384856952522,35099.61860353059,97139763.9349647,53.61396546803818,4.311642545391374,0.1158080415640914,8.322937143070348,8.580995697965417e-17,30093.1,10977.4,31082.0,75.0,3,50.87662575252525,2.203775622249527e-15,True,False,True,True,False
e3,proc.vms_bytes,3,2,3,wosar2026_e3_r01;wosar2026_e3_r02;wosar2026_e3_r03,0;5.21672e+07;12538.8,"[0,0];[20862.5,7.73413e+07];[2745.92,19740.5]",1.662;5.374;4.683,22360002.571868487,25809208.91967494,-28226046.910694398,72946052.05443138,1165524383594017.0,85.69689801489989,6.991490384685258,0.008189813154620048,6.765944710622457,1.3244211859759407e-11,12538.8,0.0,52167200.0,75.0,3,99.9439230833731,1.0006737849595996e-10,True,True,False,False,True
e3,proc.voluntary_ctx_switches_rate,3,3,3,wosar2026_e3_r01;wosar2026_e3_r02;wosar2026_e3_r03,0.0503013;0.0623067;0.164676,"[0.0161445,0.0847864];[0.0233699,0.101794];[0.124582,0.204612]",2.764;3.54;6.833,0.0919738172389502,0.03553791520212433,0.02231950344278652,0.1616281310351139,0.00341489785523478,90.19053574154869,20.388473287691575,3.738516298649142e-05,7.585123913564851,3.321694575544621e-14,0.0623067,0.0503013,0.164676,75.0,3,32.25604648100482,3.5664510179531726e-13,True,False,True,True,True
e3,system.cpu_percent_total,3,3,3,wosar2026_e3_r01;wosar2026_e3_r02;wosar2026_e3_r03,0.00258398;0.00562852;0.00342466,"[0,0.00509338];[0,0.00985545];[0,0.00595829]",2.81;4.652;2.887,0.0032984993909169888,0.0009192624937132126,0.0014967449032390922,0.005100253878594885,0.0,0.0,1.1681860204166408,0.5576113803571475,5.974218512980031,2.3119574724050306e-09,0.00342466,0.00258398,0.00562852,75.0,3,3.8247880060374455,1.572131081235421e-08,True,False,True,True,False
e3,system.fd_allocated,3,3,3,wosar2026_e3_r01;wosar2026_e3_r02;wosar2026_e3_r03,-0.537572;-0.117371;0.222956,"[-1.15008,0.0724638];[-0.757363,0.520548];[-0.53066,0.976492]",-1.56;-0.4054;1.152,-0.18520521666668,0.21572113769671675,-0.6080186465522448,0.2376082132188848,0.02559558810275569,18.198511473617167,2.444943284076004,0.29450136467272137,-0.4693753765463204,0.6388013456806012,-0.117371,-0.537572,0.222956,75.0,3,36.626515109865124,0.9652998112506863,False,False,False,False,False
e3,system.load_avg_1m,3,3,3,wosar2026_e3_r01;wosar2026_e3_r02;wosar2026_e3_r03,-0.00791114;0.00860602;4.31102e-05,"[-0.0221201,0.00637775];[-0.0163267,0.0335693];[-0.0145937,0.0147634]",-1.762;1.562;0.006663,-0.002231923818715173,0.0048267432764085,-0.011692340640475835,0.007228493003045487,0.0,0.0,1.4275508904617908,0.48979152125979586,-0.11166356041914717,0.9110901731532299,4.31102e-05,-0.00791114,0.00860602,75.0,3,101.93152649918026,1.0,False,False,False,False,False
e3,system.mem_used_bytes,3,3,3,wosar2026_e3_r01;wosar2026_e3_r02;wosar2026_e3_r03,4.14826e+07;1.40588e+07;1.4754e+07,"[2.65625e+07,5.29721e+07];[1.14292e+07,1.66547e+07];[1.24083e+07,1.67052e+07]",4.653;4.399;4.508,18215876.494361013,3028105.895261567,12280788.939648341,24150964.049073685,19852406136956.773,87.48770046444496,15.984272070188094,0.0003381110943101931,7.829175645853996,4.910791742189422e-15,14754000.0,14058800.0,41482600.0,75.0,3,19.004720939081285,6.873389920939307e-14,True,False,True,True,True
e3,system.swap_used_bytes,3,3,3,wosar2026_e3_r01;wosar2026_e3_r02;wosar2026_e3_r03,46811.4;16024.7;333393,"[0,3.91112e+06];[-71183.4,117544];[74342.4,452535]",2.54;0.8298;3.959,159757.07946588175,146610.7576666257,-127600.00556070462,447114.1644924681,38365767061.30987,76.9179122892071,8.664727493712903,0.013136459497639925,4.231304282746082,2.3234010969200308e-05,46811.4,16024.7,333393.0,75.0,3,70.69838772935431,0.00010084549441950772,True,False,False,True,True
e3b,client.drop_rate,3,0,3,wosar2026_e3b_r01;wosar2026_e3b_r02;wosar2026_e3b_r03,0;0;0,"[0,0];[0,0];[0,0]",0;0;0,,,,,,,,,0.0,1.0,0.0,0.0,0.0,75.0,3,,1.0,False,True,False,False,False
e3b,client.e2e_p50,3,3,3,wosar2026_e3b_r01;wosar2026_e3b_r02;wosar2026_e3b_r03,-0.0120265;-0.000708834;0.0153325,"[-0.0345493,0.0104495];[-0.0242788,0.0228871];[-0.00958154,0.0403893]",-1.157;-0.08532;1.547,0.00011501778560898836,0.007861877193799802,-0.015294261514238624,0.0155242970854566,3.9920541932694836e-05,21.494065874440683,2.5475781191282665,0.27976954743811844,0.1761870948972521,0.8601469589758379,-0.000708834,-0.0120265,0.0153325,75.0,3,716.2820786775835,1.0,False,False,False,False,False
e3b,client.e2e_p95,3,3,3,wosar2026_e3b_r01;wosar2026_e3b_r02;wosar2026_e3b_r03,-0.0200952;-0.0218294;0.026101,"[-0.0607871,0.0204219];[-0.0620398,0.0179537];[-0.0146884,0.0675208]",-1.282;-1.47;1.621,-0.005522381286377353,0.015595878163835276,-0.036090302487494494,0.025045539914739786,0.0003013477438430441,41.29674755058886,3.4069662523785125,0.1820483211738513,-0.653468128679586,0.5134545298371024,-0.0200952,-0.0218294,0.026101,75.0,3,263.8865003684366,0.8071637112409019,False,False,False,False,False
e3b,client.e2e_p99,3,3,3,wosar2026_e3b_r01;wosar2026_e3b_r02;wosar2026_e3b_r03,-0.020415;-0.0233616;0.0275195,"[-0.062595,0.0217175];[-0.0650242,0.017676];[-0.0149914,0.0700362]",-1.226;-1.588;1.706,-0.0056559886090603185,0.01640110576820154,-0.03780215591473533,0.0264901786966147,0.00034773705865722077,43.08974269809412,3.514304968593107,0.17253546243661685,-0.639831115321327,0.5222824013911719,-0.020415,-0.0233616,0.0275195,75.0,3,260.94485705464905,0.8071637112409019,False,False,False,False,False
e3b,client.tokens_per_sec,3,3,3,wosar2026_e3b_r01;wosar2026_e3b_r02;wosar2026_e3b_r03,-0.0144836;-0.0327154;0.0333333,"[-0.0542399,0.0251375];[-0.0735123,0.00722022];[-0.0067659,0.0731497]",-0.7262;-1.967;1.927,-0.004569207580378642,0.019654322745099397,-0.04309168016077346,0.03395326500001618,0.0007423043583476634,64.05438478191995,5.563960966771917,0.06191576273119425,-0.44237905530928257,0.658214932646801,-0.0144836,-0.0327154,0.0333333,75.0,3,216.98275346903299,0.9801156661310029,False,False,False,False,False
e3b,client.ttft_p50,3,3,3,wosar2026_e3b_r01;wosar2026_e3b_r02;wosar2026_e3b_r03,-0.000683186;0.000229201;0.0005464,"[-0.00146618,6.68654e-05];[-0.000616319,0.00110884];[-0.000357189,0.00148477]",-2.118;0.7213;1.289,-2.9457787272813266e-06,0.00038025858852158717,-0.0007482526122295921,0.0007423610547750295,2.464656186200193e-07,56.84820195729109,4.634801076007371,0.09852937637053368,-0.06252761150350578,0.9501426741550312,0.000229201,-0.000683186,0.0005464,75.0,3,7880.6590792897305,1.0,False,False,False,False,False
e3b,client.ttft_p99,3,3,3,wosar2026_e3b_r01;wosar2026_e3b_r02;wosar2026_e3b_r03,-0.0012721;0.000433079;0.00149099,"[-0.00296996,0.00030242];[-0.0012494,0.00222221];[-0.000303759,0.00343153]",-2.649;0.5071;2.377,0.00016877522517384932,0.000810312505752749,-0.0014194372861015387,0.0017569877364492373,1.1771989096520357e-06,59.790292769478285,4.973923307956525,0.08316225882376636,0.13542501119192624,0.8922758502150833,0.000433079,-0.0012721,0.00149099,75.0,3,156.60105003794297,1.0,False,False,False,False,False
e3b,gpu.ecc_db_volatile,3,0,3,wosar2026_e3b_r01;wosar2026_e3b_r02;wosar2026_e3b_r03,0;0;0,"[0,0];[0,0];[0,0]",0;0;0,,,,,,,,,0.0,1.0,0.0,0.0,0.0,75.0,3,,1.0,False,True,False,False,False
e3b,gpu.ecc_sb_volatile,3,0,3,wosar2026_e3b_r01;wosar2026_e3b_r02;wosar2026_e3b_r03,0;0;0,"[0,0];[0,0];[0,0]",0;0;0,,,,,,,,,0.0,1.0,0.0,0.0,0.0,75.0,3,,1.0,False,True,False,False,False
e3b,gpu.gpu_util_percent,3,0,3,wosar2026_e3b_r01;wosar2026_e3b_r02;wosar2026_e3b_r03,0;0;0,"[0,0];[0,0];[0,0]",-0.7156;-2.012;0.7663,,,,,,,,,-1.132262397517466,0.25752413388705997,0.0,0.0,0.0,75.0,3,,0.4819717735133966,False,True,False,False,False
e3b,gpu.mem_clock_mhz,3,0,3,wosar2026_e3b_r01;wosar2026_e3b_r02;wosar2026_e3b_r03,0;0;0,"[0,0];[0,0];[0,0]",-1.735;-1.734;0,,,,,,,,,-2.002614464219212,0.04521868613389488,0.0,0.0,0.0,75.0,3,,0.12475269198830677,False,True,False,False,False
e3b,gpu.mem_util_percent,3,0,3,wosar2026_e3b_r01;wosar2026_e3b_r02;wosar2026_e3b_r03,0;0;0,"[0,0];[0,0];[0,0]",-0.7711;-2.035;0.8667,,,,,,,,,-1.1199105658584232,0.26275187530668465,0.0,0.0,0.0,75.0,3,,0.4872852960233061,False,True,False,False,False
e3b,gpu.power_draw_w,3,3,3,wosar2026_e3b_r01;wosar2026_e3b_r02;wosar2026_e3b_r03,-0.0033638;-0.0462176;0.00813588,"[-0.017897,0.00963255];[-0.0653004,-0.0295135];[-0.00529412,0.0223737]",-0.4688;-2.762;1.042,-0.01329054422966456,0.015075679974743584,-0.042838876980161984,0.016257788520832865,0.0006213667905395098,91.36271269394462,23.155418236439225,9.372702168099455e-06,-1.2637314046649049,0.2063264491364517,-0.0033638,-0.0462176,0.00813588,75.0,3,74.69027647120738,0.4086465594547199,False,False,False,False,True
e3b,gpu.sm_clock_mhz,3,0,3,wosar2026_e3b_r01;wosar2026_e3b_r02;wosar2026_e3b_r03,0;0;0,"[0,0];[0,0];[0,0]",-1.735;-1.734;0,,,,,,,,,-2.002614464219212,0.04521868613389488,0.0,0.0,0.0,75.0,3,,0.12475269198830677,False,True,False,False,False
e3b,gpu.temperature_c,3,2,3,wosar2026_e3b_r01;wosar2026_e3b_r02;wosar2026_e3b_r03,0;-0.0560224;0,"[0,0];[-0.0920245,0];[0,0.0287081]",-0.4656;-2.655;0.9768,-0.023571261774501473,0.027657083613312476,-0.07777914565659393,0.03063662210759098,0.001266885078115398,80.7316439944886,5.189856361974871,0.022719093934169557,-1.2376750096661078,0.2158365889657624,0.0,-0.0560224,0.0,75.0,3,99.99999999999999,0.42337177066361087,False,True,False,False,True
e3b,gpu.vram_used_bytes,3,2,3,wosar2026_e3b_r01;wosar2026_e3b_r02;wosar2026_e3b_r03,0;1.14331e+08;0,"[0,0];[0,1.55981e+08];[0,9.69368e+07]",1.396;3.259;2.056,52915484.57461403,57007295.665852994,-58818814.93045783,164649784.0796859,5438367928666129.0,83.20905266846893,5.955590118028296,0.014670691284488802,3.8752673828438393,0.00010650768300712566,0.0,0.0,114331000.0,75.0,3,99.99999999999999,0.00045265765278028406,True,True,False,False,True
e3b,proc.cpu_percent,3,0,3,wosar2026_e3b_r01;wosar2026_e3b_r02;wosar2026_e3b_r03,0;0;0,"[0,0];[0,0];[0,0]",-0.6193;-1.368;1.733,,,,,,,,,-0.14691716830014565,0.8831974006257454,0.0,0.0,0.0,75.0,3,,1.0,False,True,False,False,False
e3b,proc.involuntary_ctx_switches_rate,3,0,3,wosar2026_e3b_r01;wosar2026_e3b_r02;wosar2026_e3b_r03,0;0;0,"[0,0];[0,0];[0,0]",2.237;-0.229;0.5015,,,,,,,,,1.4490146530532395,0.14733349052695593,0.0,0.0,0.0,75.0,3,,0.30669420477039805,False,True,False,False,False
e3b,proc.io_read_bytes_rate,3,0,3,wosar2026_e3b_r01;wosar2026_e3b_r02;wosar2026_e3b_r03,0;0;0,"[0,0];[0,0];[0,0]",0;0;0,,,,,,,,,0.0,1.0,0.0,0.0,0.0,75.0,3,,1.0,False,True,False,False,False
e3b,proc.io_read_count_rate,3,0,3,wosar2026_e3b_r01;wosar2026_e3b_r02;wosar2026_e3b_r03,0;0;0,"[0,0];[0,0];[0,0]",-0.4535;-1.971;3.046,,,,,,,,,0.3586263158595585,0.719874657425829,0.0,0.0,0.0,75.0,3,,1.0,False,True,False,False,False
e3b,proc.io_write_bytes_rate,3,0,3,wosar2026_e3b_r01;wosar2026_e3b_r02;wosar2026_e3b_r03,0;0;0,"[0,0];[0,0];[0,0]",0;0;0,,,,,,,,,0.0,1.0,0.0,0.0,0.0,75.0,3,,1.0,False,True,False,False,False
e3b,proc.io_write_count_rate,3,0,3,wosar2026_e3b_r01;wosar2026_e3b_r02;wosar2026_e3b_r03,0;0;0,"[0,0];[0,0];[0,0]",-0.7562;-1.607;2.409,,,,,,,,,0.026370473545236233,0.9789618446542298,0.0,0.0,0.0,75.0,3,,1.0,False,True,False,False,False
e3b,proc.num_fds,3,0,3,wosar2026_e3b_r01;wosar2026_e3b_r02;wosar2026_e3b_r03,0;0;0,"[0,0];[0,0];[0,0]",-0.2844;-1.561;1.878,,,,,,,,,0.018638598740248598,0.9851294108357176,0.0,0.0,0.0,75.0,3,,1.0,False,True,False,False,False
e3b,proc.num_threads,3,0,3,wosar2026_e3b_r01;wosar2026_e3b_r02;wosar2026_e3b_r03,0;0;0,"[0,0];[0,0];[0,0]",-0.6334;-0.613;1.29,,,,,,,,,0.02487109489615067,0.980157783031045,0.0,0.0,0.0,75.0,3,,1.0,False,True,False,False,False
e3b,proc.pss_bytes,3,3,3,wosar2026_e3b_r01;wosar2026_e3b_r02;wosar2026_e3b_r03,38056.1;106114;62362.5,"[15676.5,133913];[57344,208411];[40208.4,142515]",3.884;4.173;4.6,63208.754427054046,17566.449326894777,28778.513746340286,97638.99510776781,0.0,0.0,1.9359750287039705,0.3798467054540353,7.307626280181548,2.7190275627713516e-13,62362.5,38056.1,106114.0,75.0,3,1.3388247161722893,2.6413410609778846e-12,True,False,True,True,False
e3b,proc.rss_bytes,3,3,3,wosar2026_e3b_r01;wosar2026_e3b_r02;wosar2026_e3b_r03,38049.1;108924;64406.1,"[15630.5,135644];[58514.3,210833];[41850.4,143447]",3.885;4.177;4.641,64926.88287019147,17896.697658757894,29849.355459025996,100004.41028135695,26077026.928731076,2.589879371056429,2.053174749283431,0.3582273727963155,7.333803341386606,2.2371130230960753e-13,64406.1,38049.1,108924.0,75.0,3,0.8021066885848693,2.2818552835579967e-12,True,False,True,True,False
e3b,proc.uss_bytes,3,3,3,wosar2026_e3b_r01;wosar2026_e3b_r02;wosar2026_e3b_r03,38049.1;103331;60432.8,"[15722.8,132198];[56156.5,206081];[38586.1,141687]",3.884;4.171;4.539,61650.931839375015,17509.10553344281,27333.084993827106,95968.77868492293,0.0,0.0,1.820734589899136,0.40237640606712766,7.27173818744872,3.5489092883249837e-13,60432.8,38049.1,103331.0,75.0,3,1.975853086128082,3.2908067946286215e-12,True,False,True,True,False
e3b,proc.vms_bytes,3,3,3,wosar2026_e3b_r01;wosar2026_e3b_r02;wosar2026_e3b_r03,0;1.26709e+08;40554.5,"[0,16855.6];[5313.73,1.794e+08];[20415.2,1.02105e+08]",1.907;3.912;4.089,24818898.811455715,26346369.916743718,-26819986.22536197,76457783.8482734,1451327467996074.5,73.91072857202674,7.66598640181103,0.02164473154268389,5.720421108146963,1.0626035906171992e-08,40554.5,0.0,126709000.0,75.0,3,99.83659831039208,6.774097890184644e-08,True,False,False,False,False
e3b,proc.voluntary_ctx_switches_rate,3,3,3,wosar2026_e3b_r01;wosar2026_e3b_r02;wosar2026_e3b_r03,-1.82228e-07;-1.09275e-06;1.36503e-06,"[-1.6646e-06,1.11582e-06];[-2.98242e-06,-1.79485e-08];[6.76233e-08,3.7693e-06]",-0.4225;-2.437;4.066,-6.980508716734655e-08,6.609341210830554e-07,-1.365235964490135e-06,1.2256257901554421e-06,6.749411147623951e-13,51.57562252367238,4.1301511846542684,0.12680870444061126,0.6966129369458576,0.4860450574667653,-1.82228e-07,-1.09275e-06,1.36503e-06,75.0,3,161.05260718769318,0.7746343103376572,False,False,False,False,False
e3b,system.cpu_percent_total,3,3,3,wosar2026_e3b_r01;wosar2026_e3b_r02;wosar2026_e3b_r03,0;-0.00248963;0.00224383,"[-0.00354191,0.0046332];[-0.00857143,0];[0,0.00505902]",0.526;-1.593;4.196,0.0003534040952465387,0.0014167353774120147,-0.00242339724448101,0.0031302054349740876,2.771395363351609e-06,45.38704887823244,3.662135004462051,0.1602424173016952,1.8066398435460238,0.07081845286720834,0.0,-0.00248963,0.00224383,75.0,3,100.0,0.18711294571403156,False,False,False,False,False
e3b,system.fd_allocated,3,3,3,wosar2026_e3b_r01;wosar2026_e3b_r02;wosar2026_e3b_r03,-0.548896;-1.6;-0.679478,"[-1.37795,0.278422];[-3.11771,-0.322581];[-1.09799,-0.265487]",-2.318;-6.732;-3.019,-0.7157645140268749,0.1833720728236341,-1.0751737767611977,-0.3563552512925521,0.0,0.0,1.7229666729215756,0.4225348558811518,-6.968103907379204,3.212409402246392e-12,-0.679478,-1.6,-0.548896,75.0,3,5.06961623771033,2.5205058386856304e-11,True,False,True,True,False
e3b,system.load_avg_1m,3,3,3,wosar2026_e3b_r01;wosar2026_e3b_r02;wosar2026_e3b_r03,-0.000120937;-0.00454687;0.000760146,"[-0.00688384,0.00651259];[-0.01179,0.00229117];[-0.00294038,0.00442495]",-0.1096;-2.407;0.6236,-0.0003302349190084053,0.0014967375977921243,-0.003263840610680969,0.002603370772664158,0.0,0.0,1.7184576860788403,0.42348853255899166,-1.0931584637852527,0.27432423043088294,-0.000120937,-0.00454687,0.000760146,75.0,3,63.37849420553802,0.49966199114196536,False,False,False,False,False
e3b,system.mem_used_bytes,3,3,3,wosar2026_e3b_r01;wosar2026_e3b_r02;wosar2026_e3b_r03,3.16986e+06;1.45302e+06;1.9081e+06,"[2.60306e+06,3.71163e+06];[370598,2.32581e+06];[1.65717e+06,2.16401e+06]",9.472;7.872;5.677,2217301.5534342285,482167.6574562916,1272252.944819897,3162350.16204856,595012806277.3745,89.00548735126344,18.19089271073629,0.00011217545439201601,13.290834136852864,2.61645053440909e-40,1908100.0,1453020.0,3169860.0,75.0,3,13.944948216688305,2.668779545097272e-38,True,False,True,True,True
e3b,system.swap_used_bytes,3,3,3,wosar2026_e3b_r01;wosar2026_e3b_r02;wosar2026_e3b_r03,384898;320323;0,"[-6687.35,643688];[0,554787];[-2891.29,48147.2]",1.501;1.944;0.5732,201891.88739410794,144456.80218266466,-81243.44488391478,485027.21967213065,48963237174.0459,80.68461710861033,10.35444138615316,0.005643670128648466,2.319975246938711,0.020342216422420394,320323.0,0.0,384898.0,75.0,3,58.66065949183275,0.0673100345877918,True,False,False,False,True
